[0.000000] (-) TimerEvent: {}
[0.000518] (jeffrey_controllers) JobQueued: {'identifier': 'jeffrey_controllers', 'dependencies': OrderedDict()}
[0.000547] (jeffrey_controllers) JobStarted: {'identifier': 'jeffrey_controllers'}
[0.008747] (jeffrey_controllers) JobProgress: {'identifier': 'jeffrey_controllers', 'progress': 'cmake'}
[0.009112] (jeffrey_controllers) Command: {'cmd': ['/usr/bin/cmake', '/home/ros2_ws/src/jeffrey_controllers', '-DCMAKE_INSTALL_PREFIX=/home/ros2_ws/src/jeffrey_controllers/install/jeffrey_controllers'], 'cwd': '/home/ros2_ws/src/jeffrey_controllers/build/jeffrey_controllers', 'env': OrderedDict({'PYTHON_BASIC_REPL': '1', 'GZ_SIM_RESOURCE_PATH': '/home/ros2_ws/install/lbr_description/share', 'GZ_CONFIG_PATH': '/opt/ros/jazzy/opt/gz_sim_vendor/share/gz:/opt/ros/jazzy/opt/sdformat_vendor/share/gz:/opt/ros/jazzy/opt/gz_gui_vendor/share/gz:/opt/ros/jazzy/opt/gz_transport_vendor/share/gz:/opt/ros/jazzy/opt/gz_rendering_vendor/share/gz:/opt/ros/jazzy/opt/gz_plugin_vendor/share/gz:/opt/ros/jazzy/opt/gz_fuel_tools_vendor/share/gz:/opt/ros/jazzy/opt/gz_msgs_vendor/share/gz:/opt/ros/jazzy/opt/gz_common_vendor/share/gz', 'HOSTNAME': 'jeffrey-Legion-Pro-5-16ARX8', 'GIT_ASKPASS': '/root/.vscode-server/bin/cfbea10c5ffb233ea9177d34726e6056e89913dc/extensions/git/dist/askpass.sh', 'SHLVL': '2', 'LD_LIBRARY_PATH': '/opt/openrobots/lib:/opt/openrobots/lib:/home/ros2_ws/install/lbr_ros2_control/lib:/home/ros2_ws/install/lbr_demos_advanced_cpp/lib:/home/ros2_ws/install/lbr_fri_ros2/lib:/home/ros2_ws/install/lbr_fri_idl/lib:/home/ros2_ws/install/fri_client_sdk/lib:/opt/ros/jazzy/opt/gz_sim_vendor/lib:/opt/ros/jazzy/opt/gz_sensors_vendor/lib:/opt/ros/jazzy/opt/gz_physics_vendor/lib:/opt/ros/jazzy/opt/sdformat_vendor/lib:/opt/ros/jazzy/opt/rviz_ogre_vendor/lib:/opt/ros/jazzy/lib/x86_64-linux-gnu:/opt/ros/jazzy/opt/gz_gui_vendor/lib:/opt/ros/jazzy/opt/gz_transport_vendor/lib:/opt/ros/jazzy/opt/gz_rendering_vendor/lib:/opt/ros/jazzy/opt/gz_plugin_vendor/lib:/opt/ros/jazzy/opt/gz_fuel_tools_vendor/lib:/opt/ros/jazzy/opt/gz_msgs_vendor/lib:/opt/ros/jazzy/opt/gz_common_vendor/lib:/opt/ros/jazzy/opt/gz_math_vendor/lib:/opt/ros/jazzy/opt/gz_utils_vendor/lib:/opt/ros/jazzy/opt/gz_tools_vendor/lib:/opt/ros/jazzy/opt/gz_ogre_next_vendor/lib:/opt/ros/jazzy/opt/gz_dartsim_vendor/lib:/opt/ros/jazzy/opt/gz_cmake_vendor/lib:/opt/ros/jazzy/lib', 'BROWSER': '/root/.vscode-server/bin/cfbea10c5ffb233ea9177d34726e6056e89913dc/bin/helpers/browser.sh', 'HOME': '/root', 'OLDPWD': '/home/ros2_ws', 'TERM_PROGRAM_VERSION': '1.113.0', 'VSCODE_IPC_HOOK_CLI': '/tmp/vscode-ipc-801286fa-daa3-4435-b8c8-a66b1f74c3c7.sock', 'ROS_PYTHON_VERSION': '3', 'VSCODE_GIT_ASKPASS_MAIN': '/root/.vscode-server/bin/cfbea10c5ffb233ea9177d34726e6056e89913dc/extensions/git/dist/askpass-main.js', 'VSCODE_GIT_ASKPASS_NODE': '/root/.vscode-server/bin/cfbea10c5ffb233ea9177d34726e6056e89913dc/node', 'PYDEVD_DISABLE_FILE_VALIDATION': '1', 'BUNDLED_DEBUGPY_PATH': '/root/.vscode-server/extensions/ms-python.debugpy-2025.18.0-linux-x64/bundled/libs/debugpy', 'VSCODE_PYTHON_AUTOACTIVATE_GUARD': '1', 'COLORTERM': 'truecolor', 'REMOTE_CONTAINERS': 'true', 'COLCON_PREFIX_PATH': '/home/ros2_ws/install', 'ROS_DISTRO': 'jazzy', 'REMOTE_CONTAINERS_IPC': '/tmp/vscode-remote-containers-ipc-00ab053a-2b02-4741-88e2-b7df74c81642.sock', '_': '/usr/bin/colcon', 'ROS_VERSION': '2', 'PKG_CONFIG_PATH': '/opt/openrobots/lib/pkgconfig:/opt/openrobots/lib/pkgconfig:/home/ros2_ws/install/fri_client_sdk/lib/x86_64-linux-gnu/pkgconfig:/home/ros2_ws/install/fri_client_sdk/lib/pkgconfig', 'TERM': 'xterm-256color', 'QT_X11_NO_MITSHM': '1', 'PATH': '/opt/openrobots/bin:/root/.vscode-server/data/User/globalStorage/github.copilot-chat/debugCommand:/root/.vscode-server/data/User/globalStorage/github.copilot-chat/copilotCli:/root/.vscode-server/bin/cfbea10c5ffb233ea9177d34726e6056e89913dc/bin/remote-cli:/opt/openrobots/bin:/opt/ros/jazzy/opt/gz_msgs_vendor/bin:/opt/ros/jazzy/opt/gz_tools_vendor/bin:/opt/ros/jazzy/opt/gz_ogre_next_vendor/bin:/opt/ros/jazzy/bin:/usr/local/sbin:/usr/local/bin:/usr/sbin:/usr/bin:/sbin:/bin:/root/.vscode-server/extensions/ms-python.debugpy-2025.18.0-linux-x64/bundled/scripts/noConfigScripts', 'REMOTE_CONTAINERS_SOCKETS': '["/tmp/vscode-ssh-auth-00ab053a-2b02-4741-88e2-b7df74c81642.sock","/root/.gnupg/S.gpg-agent"]', 'DISPLAY': ':1', 'VSCODE_DEBUGPY_ADAPTER_ENDPOINTS': '/root/.vscode-server/extensions/ms-python.debugpy-2025.18.0-linux-x64/.noConfigDebugAdapterEndpoints/endpoint-540dd66cfd704b7e.txt', 'LANG': 'C.UTF-8', 'PYTHONSTARTUP': '/root/.vscode-server/data/User/workspaceStorage/08e929c9afb8b61e8a3fe6329830dd17/ms-python.python/pythonrc.py', 'LS_COLORS': 'rs=0:di=01;34:ln=01;36:mh=00:pi=40;33:so=01;35:do=01;35:bd=40;33;01:cd=40;33;01:or=40;31;01:mi=00:su=37;41:sg=30;43:ca=00:tw=30;42:ow=34;42:st=37;44:ex=01;32:*.tar=01;31:*.tgz=01;31:*.arc=01;31:*.arj=01;31:*.taz=01;31:*.lha=01;31:*.lz4=01;31:*.lzh=01;31:*.lzma=01;31:*.tlz=01;31:*.txz=01;31:*.tzo=01;31:*.t7z=01;31:*.zip=01;31:*.z=01;31:*.dz=01;31:*.gz=01;31:*.lrz=01;31:*.lz=01;31:*.lzo=01;31:*.xz=01;31:*.zst=01;31:*.tzst=01;31:*.bz2=01;31:*.bz=01;31:*.tbz=01;31:*.tbz2=01;31:*.tz=01;31:*.deb=01;31:*.rpm=01;31:*.jar=01;31:*.war=01;31:*.ear=01;31:*.sar=01;31:*.rar=01;31:*.alz=01;31:*.ace=01;31:*.zoo=01;31:*.cpio=01;31:*.7z=01;31:*.rz=01;31:*.cab=01;31:*.wim=01;31:*.swm=01;31:*.dwm=01;31:*.esd=01;31:*.avif=01;35:*.jpg=01;35:*.jpeg=01;35:*.mjpg=01;35:*.mjpeg=01;35:*.gif=01;35:*.bmp=01;35:*.pbm=01;35:*.pgm=01;35:*.ppm=01;35:*.tga=01;35:*.xbm=01;35:*.xpm=01;35:*.tif=01;35:*.tiff=01;35:*.png=01;35:*.svg=01;35:*.svgz=01;35:*.mng=01;35:*.pcx=01;35:*.mov=01;35:*.mpg=01;35:*.mpeg=01;35:*.m2v=01;35:*.mkv=01;35:*.webm=01;35:*.webp=01;35:*.ogm=01;35:*.mp4=01;35:*.m4v=01;35:*.mp4v=01;35:*.vob=01;35:*.qt=01;35:*.nuv=01;35:*.wmv=01;35:*.asf=01;35:*.rm=01;35:*.rmvb=01;35:*.flc=01;35:*.avi=01;35:*.fli=01;35:*.flv=01;35:*.gl=01;35:*.dl=01;35:*.xcf=01;35:*.xwd=01;35:*.yuv=01;35:*.cgm=01;35:*.emf=01;35:*.ogv=01;35:*.ogx=01;35:*.aac=00;36:*.au=00;36:*.flac=00;36:*.m4a=00;36:*.mid=00;36:*.midi=00;36:*.mka=00;36:*.mp3=00;36:*.mpc=00;36:*.ogg=00;36:*.ra=00;36:*.wav=00;36:*.oga=00;36:*.opus=00;36:*.spx=00;36:*.xspf=00;36:*~=00;90:*#=00;90:*.bak=00;90:*.crdownload=00;90:*.dpkg-dist=00;90:*.dpkg-new=00;90:*.dpkg-old=00;90:*.dpkg-tmp=00;90:*.old=00;90:*.orig=00;90:*.part=00;90:*.rej=00;90:*.rpmnew=00;90:*.rpmorig=00;90:*.rpmsave=00;90:*.swp=00;90:*.tmp=00;90:*.ucf-dist=00;90:*.ucf-new=00;90:*.ucf-old=00;90:', 'VSCODE_GIT_IPC_HANDLE': '/tmp/vscode-git-c6f5d7cd37.sock', 'TERM_PROGRAM': 'vscode', 'SSH_AUTH_SOCK': '/tmp/vscode-ssh-auth-00ab053a-2b02-4741-88e2-b7df74c81642.sock', 'AMENT_PREFIX_PATH': '/home/ros2_ws/install/med7_moveit_config:/home/ros2_ws/install/med14_moveit_config:/home/ros2_ws/install/lbr_fri_ros2_stack:/home/ros2_ws/install/lbr_demos_py:/home/ros2_ws/install/lbr_demos_cpp:/home/ros2_ws/install/lbr_controllers:/home/ros2_ws/install/lbr_bringup:/home/ros2_ws/install/lbr_ros2_control:/home/ros2_ws/install/lbr_moveit_cpp:/home/ros2_ws/install/lbr_moveit:/home/ros2_ws/install/lbr_demos_advanced_py:/home/ros2_ws/install/lbr_demos_advanced_cpp:/home/ros2_ws/install/lbr_fri_ros2:/home/ros2_ws/install/jeffrey_controllers:/home/ros2_ws/install/lbr_fri_idl:/home/ros2_ws/install/iiwa7_moveit_config:/home/ros2_ws/install/iiwa14_moveit_config:/home/ros2_ws/install/lbr_description:/opt/ros/jazzy', 'SHELL': '/bin/bash', 'ROS_AUTOMATIC_DISCOVERY_RANGE': 'SUBNET', 'VSCODE_GIT_ASKPASS_EXTRA_ARGS': '', 'PWD': '/home/ros2_ws/src/jeffrey_controllers/build/jeffrey_controllers', 'LC_ALL': 'C.UTF-8', 'PYTHONPATH': '/opt/openrobots/lib/python3.10/site-packages:/opt/openrobots/lib/python3.10/site-packages:/home/ros2_ws/install/lbr_demos_py/lib/python3.12/site-packages:/home/ros2_ws/install/lbr_controllers/lib/python3.12/site-packages:/home/ros2_ws/install/lbr_bringup/lib/python3.12/site-packages:/home/ros2_ws/install/lbr_moveit/lib/python3.12/site-packages:/home/ros2_ws/install/lbr_demos_advanced_py/lib/python3.12/site-packages:/home/ros2_ws/install/lbr_fri_idl/lib/python3.12/site-packages:/opt/ros/jazzy/lib/python3.12/site-packages', 'COLCON': '1', 'CMAKE_PREFIX_PATH': '/opt/openrobots:/opt/openrobots:/home/ros2_ws/install/med7_moveit_config:/home/ros2_ws/install/med14_moveit_config:/home/ros2_ws/install/lbr_fri_ros2_stack:/home/ros2_ws/install/lbr_demos_cpp:/home/ros2_ws/install/lbr_bringup:/home/ros2_ws/install/lbr_ros2_control:/home/ros2_ws/install/lbr_moveit_cpp:/home/ros2_ws/install/lbr_demos_advanced_cpp:/home/ros2_ws/install/lbr_fri_ros2:/home/ros2_ws/install/jeffrey_controllers:/home/ros2_ws/install/lbr_fri_idl:/home/ros2_ws/install/iiwa7_moveit_config:/home/ros2_ws/install/iiwa14_moveit_config:/home/ros2_ws/install/lbr_description:/home/ros2_ws/install/fri_client_sdk:/opt/ros/jazzy/opt/gz_sim_vendor:/opt/ros/jazzy/opt/gz_sensors_vendor:/opt/ros/jazzy/opt/gz_physics_vendor:/opt/ros/jazzy/opt/sdformat_vendor:/opt/ros/jazzy/opt/gz_gui_vendor:/opt/ros/jazzy/opt/gz_transport_vendor:/opt/ros/jazzy/opt/gz_rendering_vendor:/opt/ros/jazzy/opt/gz_plugin_vendor:/opt/ros/jazzy/opt/gz_fuel_tools_vendor:/opt/ros/jazzy/opt/gz_msgs_vendor:/opt/ros/jazzy/opt/gz_common_vendor:/opt/ros/jazzy/opt/gz_math_vendor:/opt/ros/jazzy/opt/gz_utils_vendor:/opt/ros/jazzy/opt/gz_tools_vendor:/opt/ros/jazzy/opt/gz_ogre_next_vendor:/opt/ros/jazzy/opt/gz_dartsim_vendor:/opt/ros/jazzy/opt/gz_cmake_vendor:/home/ros2_ws/install/lbr_demos_py:/home/ros2_ws/install/lbr_controllers:/home/ros2_ws/install/lbr_moveit:/home/ros2_ws/install/lbr_demos_advanced_py:/opt/ros/jazzy'}), 'shell': False}
[0.088088] (jeffrey_controllers) StdoutLine: {'line': b'-- The C compiler identification is GNU 13.3.0\n'}
[0.099881] (-) TimerEvent: {}
[0.134678] (jeffrey_controllers) StdoutLine: {'line': b'-- The CXX compiler identification is GNU 13.3.0\n'}
[0.149909] (jeffrey_controllers) StdoutLine: {'line': b'-- Detecting C compiler ABI info\n'}
[0.199992] (-) TimerEvent: {}
[0.225895] (jeffrey_controllers) StdoutLine: {'line': b'-- Detecting C compiler ABI info - done\n'}
[0.232331] (jeffrey_controllers) StdoutLine: {'line': b'-- Check for working C compiler: /usr/bin/cc - skipped\n'}
[0.232646] (jeffrey_controllers) StdoutLine: {'line': b'-- Detecting C compile features\n'}
[0.232991] (jeffrey_controllers) StdoutLine: {'line': b'-- Detecting C compile features - done\n'}
[0.240572] (jeffrey_controllers) StdoutLine: {'line': b'-- Detecting CXX compiler ABI info\n'}
[0.300112] (-) TimerEvent: {}
[0.330075] (jeffrey_controllers) StdoutLine: {'line': b'-- Detecting CXX compiler ABI info - done\n'}
[0.338545] (jeffrey_controllers) StdoutLine: {'line': b'-- Check for working CXX compiler: /usr/bin/c++ - skipped\n'}
[0.338747] (jeffrey_controllers) StdoutLine: {'line': b'-- Detecting CXX compile features\n'}
[0.339050] (jeffrey_controllers) StdoutLine: {'line': b'-- Detecting CXX compile features - done\n'}
[0.362163] (jeffrey_controllers) StdoutLine: {'line': b'-- Found ament_cmake: 2.5.5 (/opt/ros/jazzy/share/ament_cmake/cmake)\n'}
[0.400227] (-) TimerEvent: {}
[0.490724] (jeffrey_controllers) StdoutLine: {'line': b'-- Found Python3: /usr/bin/python3 (found version "3.12.3") found components: Interpreter \n'}
[0.500308] (-) TimerEvent: {}
[0.600531] (-) TimerEvent: {}
[0.648031] (jeffrey_controllers) StdoutLine: {'line': b'-- Found rclcpp: 28.1.16 (/opt/ros/jazzy/share/rclcpp/cmake)\n'}
[0.700636] (-) TimerEvent: {}
[0.729917] (jeffrey_controllers) StdoutLine: {'line': b'-- Found rosidl_generator_c: 4.6.7 (/opt/ros/jazzy/share/rosidl_generator_c/cmake)\n'}
[0.754517] (jeffrey_controllers) StdoutLine: {'line': b'-- Found rosidl_generator_cpp: 4.6.7 (/opt/ros/jazzy/share/rosidl_generator_cpp/cmake)\n'}
[0.784615] (jeffrey_controllers) StdoutLine: {'line': b'-- Using all available rosidl_typesupport_c: rosidl_typesupport_fastrtps_c;rosidl_typesupport_introspection_c\n'}
[0.800727] (-) TimerEvent: {}
[0.813466] (jeffrey_controllers) StdoutLine: {'line': b'-- Using all available rosidl_typesupport_cpp: rosidl_typesupport_fastrtps_cpp;rosidl_typesupport_introspection_cpp\n'}
[0.900837] (-) TimerEvent: {}
[0.929703] (jeffrey_controllers) StdoutLine: {'line': b'-- Found rmw_implementation_cmake: 7.3.3 (/opt/ros/jazzy/share/rmw_implementation_cmake/cmake)\n'}
[0.937016] (jeffrey_controllers) StdoutLine: {'line': b'-- Found rmw_fastrtps_cpp: 8.4.3 (/opt/ros/jazzy/share/rmw_fastrtps_cpp/cmake)\n'}
[1.000942] (-) TimerEvent: {}
[1.047455] (jeffrey_controllers) StdoutLine: {'line': b'-- Found OpenSSL: /usr/lib/x86_64-linux-gnu/libcrypto.so (found version "3.0.13")  \n'}
[1.064788] (jeffrey_controllers) StdoutLine: {'line': b'-- Found FastRTPS: /opt/ros/jazzy/include (Required is at least version "2.13") \n'}
[1.081813] (jeffrey_controllers) StdoutLine: {'line': b"-- Using RMW implementation 'rmw_fastrtps_cpp' as default\n"}
[1.101054] (-) TimerEvent: {}
[1.179147] (jeffrey_controllers) StdoutLine: {'line': b'-- Found tf2: 0.36.19 (/opt/ros/jazzy/share/tf2/cmake)\n'}
[1.201158] (-) TimerEvent: {}
[1.232686] (jeffrey_controllers) StdoutLine: {'line': b'-- Found tf2_ros: 0.36.19 (/opt/ros/jazzy/share/tf2_ros/cmake)\n'}
[1.301257] (-) TimerEvent: {}
[1.401473] (-) TimerEvent: {}
[1.404433] (jeffrey_controllers) StdoutLine: {'line': b'-- Found tf2_geometry_msgs: 0.36.19 (/opt/ros/jazzy/share/tf2_geometry_msgs/cmake)\n'}
[1.439384] (jeffrey_controllers) StdoutLine: {'line': b'-- Found eigen3_cmake_module: 0.3.0 (/opt/ros/jazzy/share/eigen3_cmake_module/cmake)\n'}
[1.440543] (jeffrey_controllers) StdoutLine: {'line': b'-- Found Eigen3: TRUE (found version "3.4.0") \n'}
[1.440707] (jeffrey_controllers) StdoutLine: {'line': b'-- Ensuring Eigen3 include directory is part of orocos-kdl CMake target\n'}
[1.444545] (jeffrey_controllers) StdoutLine: {'line': b'-- Found lbr_fri_idl: 1.5.0 (/home/ros2_ws/install/lbr_fri_idl/share/lbr_fri_idl/cmake)\n'}
[1.458835] (jeffrey_controllers) StdoutLine: {'line': b'-- pinocchio_default FOUND. pinocchio_default at /opt/openrobots/lib/libpinocchio_default.so\n'}
[1.459020] (jeffrey_controllers) StdoutLine: {'line': b'-- pinocchio_parsers FOUND. pinocchio_parsers at /opt/openrobots/lib/libpinocchio_parsers.so\n'}
[1.459167] (jeffrey_controllers) StdoutLine: {'line': b'-- pinocchio_casadi FOUND. pinocchio_casadi at /opt/openrobots/lib/libpinocchio_casadi.so\n'}
[1.460688] (jeffrey_controllers) StdoutLine: {'line': b'-- boost_filesystem FOUND. boost_filesystem at /usr/lib/x86_64-linux-gnu/libboost_filesystem.so\n'}
[1.501589] (-) TimerEvent: {}
[1.601825] (-) TimerEvent: {}
[1.637407] (jeffrey_controllers) StdoutLine: {'line': b'-- Found Boost: /usr/include (found version "1.83.0") found components: filesystem serialization \n'}
[1.638682] (jeffrey_controllers) StderrLine: {'line': b'\x1b[33mCMake Warning at /opt/openrobots/lib/cmake/hpp-fcl/hpp-fclConfig.cmake:4 (message):\n'}
[1.638790] (jeffrey_controllers) StderrLine: {'line': b"  Please update your CMake from 'hpp-fcl' to 'coal', or define\n"}
[1.638843] (jeffrey_controllers) StderrLine: {'line': b'  COAL_DISABLE_HPP_FCL_WARNINGS\n'}
[1.638889] (jeffrey_controllers) StderrLine: {'line': b'Call Stack (most recent call first):\n'}
[1.638933] (jeffrey_controllers) StderrLine: {'line': b'  /usr/share/cmake-3.28/Modules/CMakeFindDependencyMacro.cmake:76 (find_package)\n'}
[1.638978] (jeffrey_controllers) StderrLine: {'line': b'  /opt/openrobots/lib/cmake/pinocchio/pinocchioConfig.cmake:161 (find_dependency)\n'}
[1.639025] (jeffrey_controllers) StderrLine: {'line': b'  CMakeLists.txt:17 (find_package)\n'}
[1.639072] (jeffrey_controllers) StderrLine: {'line': b'\n'}
[1.639116] (jeffrey_controllers) StderrLine: {'line': b'\x1b[0m\n'}
[1.639542] (jeffrey_controllers) StdoutLine: {'line': b'-- coal FOUND. coal at /opt/openrobots/lib/libcoal.so\n'}
[1.642893] (jeffrey_controllers) StdoutLine: {'line': b'-- Found Boost: /usr/include (found version "1.83.0") found components: serialization filesystem \n'}
[1.701939] (-) TimerEvent: {}
[1.802210] (-) TimerEvent: {}
[1.896103] (jeffrey_controllers) StdoutLine: {'line': b'-- Default C++ standard: 201703\n'}
[1.896349] (jeffrey_controllers) StdoutLine: {'line': b'-- Minimal C++ standard upgraded to 14\n'}
[1.896426] (jeffrey_controllers) StdoutLine: {'line': b'-- C++ standard sufficient: Minimal required 14, currently defined: 17\n'}
[1.896491] (jeffrey_controllers) StdoutLine: {'line': b'-- CMAKE_CXX_STANDARD was not set: automatically set to currently defined standard 17\n'}
[1.897411] (jeffrey_controllers) StdoutLine: {'line': b'-- C++ standard sufficient: Minimal required 14, currently defined: 17\n'}
[1.902297] (-) TimerEvent: {}
[1.911886] (jeffrey_controllers) StdoutLine: {'line': b'-- Found ament_lint_auto: 0.17.4 (/opt/ros/jazzy/share/ament_lint_auto/cmake)\n'}
[2.002468] (-) TimerEvent: {}
[2.062628] (jeffrey_controllers) StdoutLine: {'line': b"-- Added test 'cppcheck' to perform static code analysis on C / C++ code\n"}
[2.062909] (jeffrey_controllers) StdoutLine: {'line': b'-- Configured cppcheck include dirs: $<BUILD_INTERFACE:/home/ros2_ws/src/jeffrey_controllers/include>\n'}
[2.062974] (jeffrey_controllers) StdoutLine: {'line': b'-- Configured cppcheck exclude dirs and/or files: \n'}
[2.066173] (jeffrey_controllers) StdoutLine: {'line': b"-- Added test 'flake8' to check Python code syntax and style conventions\n"}
[2.066307] (jeffrey_controllers) StdoutLine: {'line': b"-- Configured 'flake8' exclude dirs and/or files: \n"}
[2.070237] (jeffrey_controllers) StdoutLine: {'line': b"-- Added test 'lint_cmake' to check CMake code style\n"}
[2.073040] (jeffrey_controllers) StdoutLine: {'line': b"-- Added test 'pep257' to check Python code against some of the docstring style conventions in PEP 257\n"}
[2.085140] (jeffrey_controllers) StdoutLine: {'line': b"-- Added test 'uncrustify' to check C / C++ code style\n"}
[2.085327] (jeffrey_controllers) StdoutLine: {'line': b'-- Configured uncrustify additional arguments: \n'}
[2.088125] (jeffrey_controllers) StdoutLine: {'line': b"-- Added test 'xmllint' to check XML markup files\n"}
[2.090748] (jeffrey_controllers) StdoutLine: {'line': b'-- Configuring done (2.1s)\n'}
[2.102547] (-) TimerEvent: {}
[2.110687] (jeffrey_controllers) StdoutLine: {'line': b'-- Generating done (0.0s)\n'}
[2.115326] (jeffrey_controllers) StdoutLine: {'line': b'-- Build files have been written to: /home/ros2_ws/src/jeffrey_controllers/build/jeffrey_controllers\n'}
[2.132364] (jeffrey_controllers) CommandEnded: {'returncode': 0}
[2.132707] (jeffrey_controllers) JobProgress: {'identifier': 'jeffrey_controllers', 'progress': 'build'}
[2.132730] (jeffrey_controllers) Command: {'cmd': ['/usr/bin/cmake', '--build', '/home/ros2_ws/src/jeffrey_controllers/build/jeffrey_controllers', '--', '-j16', '-l16'], 'cwd': '/home/ros2_ws/src/jeffrey_controllers/build/jeffrey_controllers', 'env': OrderedDict({'PYTHON_BASIC_REPL': '1', 'GZ_SIM_RESOURCE_PATH': '/home/ros2_ws/install/lbr_description/share', 'GZ_CONFIG_PATH': '/opt/ros/jazzy/opt/gz_sim_vendor/share/gz:/opt/ros/jazzy/opt/sdformat_vendor/share/gz:/opt/ros/jazzy/opt/gz_gui_vendor/share/gz:/opt/ros/jazzy/opt/gz_transport_vendor/share/gz:/opt/ros/jazzy/opt/gz_rendering_vendor/share/gz:/opt/ros/jazzy/opt/gz_plugin_vendor/share/gz:/opt/ros/jazzy/opt/gz_fuel_tools_vendor/share/gz:/opt/ros/jazzy/opt/gz_msgs_vendor/share/gz:/opt/ros/jazzy/opt/gz_common_vendor/share/gz', 'HOSTNAME': 'jeffrey-Legion-Pro-5-16ARX8', 'GIT_ASKPASS': '/root/.vscode-server/bin/cfbea10c5ffb233ea9177d34726e6056e89913dc/extensions/git/dist/askpass.sh', 'SHLVL': '2', 'LD_LIBRARY_PATH': '/opt/openrobots/lib:/opt/openrobots/lib:/home/ros2_ws/install/lbr_ros2_control/lib:/home/ros2_ws/install/lbr_demos_advanced_cpp/lib:/home/ros2_ws/install/lbr_fri_ros2/lib:/home/ros2_ws/install/lbr_fri_idl/lib:/home/ros2_ws/install/fri_client_sdk/lib:/opt/ros/jazzy/opt/gz_sim_vendor/lib:/opt/ros/jazzy/opt/gz_sensors_vendor/lib:/opt/ros/jazzy/opt/gz_physics_vendor/lib:/opt/ros/jazzy/opt/sdformat_vendor/lib:/opt/ros/jazzy/opt/rviz_ogre_vendor/lib:/opt/ros/jazzy/lib/x86_64-linux-gnu:/opt/ros/jazzy/opt/gz_gui_vendor/lib:/opt/ros/jazzy/opt/gz_transport_vendor/lib:/opt/ros/jazzy/opt/gz_rendering_vendor/lib:/opt/ros/jazzy/opt/gz_plugin_vendor/lib:/opt/ros/jazzy/opt/gz_fuel_tools_vendor/lib:/opt/ros/jazzy/opt/gz_msgs_vendor/lib:/opt/ros/jazzy/opt/gz_common_vendor/lib:/opt/ros/jazzy/opt/gz_math_vendor/lib:/opt/ros/jazzy/opt/gz_utils_vendor/lib:/opt/ros/jazzy/opt/gz_tools_vendor/lib:/opt/ros/jazzy/opt/gz_ogre_next_vendor/lib:/opt/ros/jazzy/opt/gz_dartsim_vendor/lib:/opt/ros/jazzy/opt/gz_cmake_vendor/lib:/opt/ros/jazzy/lib', 'BROWSER': '/root/.vscode-server/bin/cfbea10c5ffb233ea9177d34726e6056e89913dc/bin/helpers/browser.sh', 'HOME': '/root', 'OLDPWD': '/home/ros2_ws', 'TERM_PROGRAM_VERSION': '1.113.0', 'VSCODE_IPC_HOOK_CLI': '/tmp/vscode-ipc-801286fa-daa3-4435-b8c8-a66b1f74c3c7.sock', 'ROS_PYTHON_VERSION': '3', 'VSCODE_GIT_ASKPASS_MAIN': '/root/.vscode-server/bin/cfbea10c5ffb233ea9177d34726e6056e89913dc/extensions/git/dist/askpass-main.js', 'VSCODE_GIT_ASKPASS_NODE': '/root/.vscode-server/bin/cfbea10c5ffb233ea9177d34726e6056e89913dc/node', 'PYDEVD_DISABLE_FILE_VALIDATION': '1', 'BUNDLED_DEBUGPY_PATH': '/root/.vscode-server/extensions/ms-python.debugpy-2025.18.0-linux-x64/bundled/libs/debugpy', 'VSCODE_PYTHON_AUTOACTIVATE_GUARD': '1', 'COLORTERM': 'truecolor', 'REMOTE_CONTAINERS': 'true', 'COLCON_PREFIX_PATH': '/home/ros2_ws/install', 'ROS_DISTRO': 'jazzy', 'REMOTE_CONTAINERS_IPC': '/tmp/vscode-remote-containers-ipc-00ab053a-2b02-4741-88e2-b7df74c81642.sock', '_': '/usr/bin/colcon', 'ROS_VERSION': '2', 'PKG_CONFIG_PATH': '/opt/openrobots/lib/pkgconfig:/opt/openrobots/lib/pkgconfig:/home/ros2_ws/install/fri_client_sdk/lib/x86_64-linux-gnu/pkgconfig:/home/ros2_ws/install/fri_client_sdk/lib/pkgconfig', 'TERM': 'xterm-256color', 'QT_X11_NO_MITSHM': '1', 'PATH': '/opt/openrobots/bin:/root/.vscode-server/data/User/globalStorage/github.copilot-chat/debugCommand:/root/.vscode-server/data/User/globalStorage/github.copilot-chat/copilotCli:/root/.vscode-server/bin/cfbea10c5ffb233ea9177d34726e6056e89913dc/bin/remote-cli:/opt/openrobots/bin:/opt/ros/jazzy/opt/gz_msgs_vendor/bin:/opt/ros/jazzy/opt/gz_tools_vendor/bin:/opt/ros/jazzy/opt/gz_ogre_next_vendor/bin:/opt/ros/jazzy/bin:/usr/local/sbin:/usr/local/bin:/usr/sbin:/usr/bin:/sbin:/bin:/root/.vscode-server/extensions/ms-python.debugpy-2025.18.0-linux-x64/bundled/scripts/noConfigScripts', 'REMOTE_CONTAINERS_SOCKETS': '["/tmp/vscode-ssh-auth-00ab053a-2b02-4741-88e2-b7df74c81642.sock","/root/.gnupg/S.gpg-agent"]', 'DISPLAY': ':1', 'VSCODE_DEBUGPY_ADAPTER_ENDPOINTS': '/root/.vscode-server/extensions/ms-python.debugpy-2025.18.0-linux-x64/.noConfigDebugAdapterEndpoints/endpoint-540dd66cfd704b7e.txt', 'LANG': 'C.UTF-8', 'PYTHONSTARTUP': '/root/.vscode-server/data/User/workspaceStorage/08e929c9afb8b61e8a3fe6329830dd17/ms-python.python/pythonrc.py', 'LS_COLORS': 'rs=0:di=01;34:ln=01;36:mh=00:pi=40;33:so=01;35:do=01;35:bd=40;33;01:cd=40;33;01:or=40;31;01:mi=00:su=37;41:sg=30;43:ca=00:tw=30;42:ow=34;42:st=37;44:ex=01;32:*.tar=01;31:*.tgz=01;31:*.arc=01;31:*.arj=01;31:*.taz=01;31:*.lha=01;31:*.lz4=01;31:*.lzh=01;31:*.lzma=01;31:*.tlz=01;31:*.txz=01;31:*.tzo=01;31:*.t7z=01;31:*.zip=01;31:*.z=01;31:*.dz=01;31:*.gz=01;31:*.lrz=01;31:*.lz=01;31:*.lzo=01;31:*.xz=01;31:*.zst=01;31:*.tzst=01;31:*.bz2=01;31:*.bz=01;31:*.tbz=01;31:*.tbz2=01;31:*.tz=01;31:*.deb=01;31:*.rpm=01;31:*.jar=01;31:*.war=01;31:*.ear=01;31:*.sar=01;31:*.rar=01;31:*.alz=01;31:*.ace=01;31:*.zoo=01;31:*.cpio=01;31:*.7z=01;31:*.rz=01;31:*.cab=01;31:*.wim=01;31:*.swm=01;31:*.dwm=01;31:*.esd=01;31:*.avif=01;35:*.jpg=01;35:*.jpeg=01;35:*.mjpg=01;35:*.mjpeg=01;35:*.gif=01;35:*.bmp=01;35:*.pbm=01;35:*.pgm=01;35:*.ppm=01;35:*.tga=01;35:*.xbm=01;35:*.xpm=01;35:*.tif=01;35:*.tiff=01;35:*.png=01;35:*.svg=01;35:*.svgz=01;35:*.mng=01;35:*.pcx=01;35:*.mov=01;35:*.mpg=01;35:*.mpeg=01;35:*.m2v=01;35:*.mkv=01;35:*.webm=01;35:*.webp=01;35:*.ogm=01;35:*.mp4=01;35:*.m4v=01;35:*.mp4v=01;35:*.vob=01;35:*.qt=01;35:*.nuv=01;35:*.wmv=01;35:*.asf=01;35:*.rm=01;35:*.rmvb=01;35:*.flc=01;35:*.avi=01;35:*.fli=01;35:*.flv=01;35:*.gl=01;35:*.dl=01;35:*.xcf=01;35:*.xwd=01;35:*.yuv=01;35:*.cgm=01;35:*.emf=01;35:*.ogv=01;35:*.ogx=01;35:*.aac=00;36:*.au=00;36:*.flac=00;36:*.m4a=00;36:*.mid=00;36:*.midi=00;36:*.mka=00;36:*.mp3=00;36:*.mpc=00;36:*.ogg=00;36:*.ra=00;36:*.wav=00;36:*.oga=00;36:*.opus=00;36:*.spx=00;36:*.xspf=00;36:*~=00;90:*#=00;90:*.bak=00;90:*.crdownload=00;90:*.dpkg-dist=00;90:*.dpkg-new=00;90:*.dpkg-old=00;90:*.dpkg-tmp=00;90:*.old=00;90:*.orig=00;90:*.part=00;90:*.rej=00;90:*.rpmnew=00;90:*.rpmorig=00;90:*.rpmsave=00;90:*.swp=00;90:*.tmp=00;90:*.ucf-dist=00;90:*.ucf-new=00;90:*.ucf-old=00;90:', 'VSCODE_GIT_IPC_HANDLE': '/tmp/vscode-git-c6f5d7cd37.sock', 'TERM_PROGRAM': 'vscode', 'SSH_AUTH_SOCK': '/tmp/vscode-ssh-auth-00ab053a-2b02-4741-88e2-b7df74c81642.sock', 'AMENT_PREFIX_PATH': '/home/ros2_ws/install/med7_moveit_config:/home/ros2_ws/install/med14_moveit_config:/home/ros2_ws/install/lbr_fri_ros2_stack:/home/ros2_ws/install/lbr_demos_py:/home/ros2_ws/install/lbr_demos_cpp:/home/ros2_ws/install/lbr_controllers:/home/ros2_ws/install/lbr_bringup:/home/ros2_ws/install/lbr_ros2_control:/home/ros2_ws/install/lbr_moveit_cpp:/home/ros2_ws/install/lbr_moveit:/home/ros2_ws/install/lbr_demos_advanced_py:/home/ros2_ws/install/lbr_demos_advanced_cpp:/home/ros2_ws/install/lbr_fri_ros2:/home/ros2_ws/install/jeffrey_controllers:/home/ros2_ws/install/lbr_fri_idl:/home/ros2_ws/install/iiwa7_moveit_config:/home/ros2_ws/install/iiwa14_moveit_config:/home/ros2_ws/install/lbr_description:/opt/ros/jazzy', 'SHELL': '/bin/bash', 'ROS_AUTOMATIC_DISCOVERY_RANGE': 'SUBNET', 'VSCODE_GIT_ASKPASS_EXTRA_ARGS': '', 'PWD': '/home/ros2_ws/src/jeffrey_controllers/build/jeffrey_controllers', 'LC_ALL': 'C.UTF-8', 'PYTHONPATH': '/opt/openrobots/lib/python3.10/site-packages:/opt/openrobots/lib/python3.10/site-packages:/home/ros2_ws/install/lbr_demos_py/lib/python3.12/site-packages:/home/ros2_ws/install/lbr_controllers/lib/python3.12/site-packages:/home/ros2_ws/install/lbr_bringup/lib/python3.12/site-packages:/home/ros2_ws/install/lbr_moveit/lib/python3.12/site-packages:/home/ros2_ws/install/lbr_demos_advanced_py/lib/python3.12/site-packages:/home/ros2_ws/install/lbr_fri_idl/lib/python3.12/site-packages:/opt/ros/jazzy/lib/python3.12/site-packages', 'COLCON': '1', 'CMAKE_PREFIX_PATH': '/opt/openrobots:/opt/openrobots:/home/ros2_ws/install/med7_moveit_config:/home/ros2_ws/install/med14_moveit_config:/home/ros2_ws/install/lbr_fri_ros2_stack:/home/ros2_ws/install/lbr_demos_cpp:/home/ros2_ws/install/lbr_bringup:/home/ros2_ws/install/lbr_ros2_control:/home/ros2_ws/install/lbr_moveit_cpp:/home/ros2_ws/install/lbr_demos_advanced_cpp:/home/ros2_ws/install/lbr_fri_ros2:/home/ros2_ws/install/jeffrey_controllers:/home/ros2_ws/install/lbr_fri_idl:/home/ros2_ws/install/iiwa7_moveit_config:/home/ros2_ws/install/iiwa14_moveit_config:/home/ros2_ws/install/lbr_description:/home/ros2_ws/install/fri_client_sdk:/opt/ros/jazzy/opt/gz_sim_vendor:/opt/ros/jazzy/opt/gz_sensors_vendor:/opt/ros/jazzy/opt/gz_physics_vendor:/opt/ros/jazzy/opt/sdformat_vendor:/opt/ros/jazzy/opt/gz_gui_vendor:/opt/ros/jazzy/opt/gz_transport_vendor:/opt/ros/jazzy/opt/gz_rendering_vendor:/opt/ros/jazzy/opt/gz_plugin_vendor:/opt/ros/jazzy/opt/gz_fuel_tools_vendor:/opt/ros/jazzy/opt/gz_msgs_vendor:/opt/ros/jazzy/opt/gz_common_vendor:/opt/ros/jazzy/opt/gz_math_vendor:/opt/ros/jazzy/opt/gz_utils_vendor:/opt/ros/jazzy/opt/gz_tools_vendor:/opt/ros/jazzy/opt/gz_ogre_next_vendor:/opt/ros/jazzy/opt/gz_dartsim_vendor:/opt/ros/jazzy/opt/gz_cmake_vendor:/home/ros2_ws/install/lbr_demos_py:/home/ros2_ws/install/lbr_controllers:/home/ros2_ws/install/lbr_moveit:/home/ros2_ws/install/lbr_demos_advanced_py:/opt/ros/jazzy'}), 'shell': False}
[2.189237] (jeffrey_controllers) StdoutLine: {'line': b'[ 66%] \x1b[32mBuilding CXX object CMakeFiles/trajectory_generator.dir/src/dynamics_utilities.cpp.o\x1b[0m\n'}
[2.189408] (jeffrey_controllers) StdoutLine: {'line': b'[ 66%] \x1b[32mBuilding CXX object CMakeFiles/impedance_controller.dir/src/dynamics_utilities.cpp.o\x1b[0m\n'}
[2.189466] (jeffrey_controllers) StdoutLine: {'line': b'[ 66%] \x1b[32mBuilding CXX object CMakeFiles/impedance_controller.dir/src/impedance_controller.cpp.o\x1b[0m\n'}
[2.189526] (jeffrey_controllers) StdoutLine: {'line': b'[ 66%] \x1b[32mBuilding CXX object CMakeFiles/trajectory_generator.dir/src/trajectory_generator.cpp.o\x1b[0m\n'}
[2.202642] (-) TimerEvent: {}
[2.302894] (-) TimerEvent: {}
[2.403181] (-) TimerEvent: {}
[2.503514] (-) TimerEvent: {}
[2.603895] (-) TimerEvent: {}
[2.704215] (-) TimerEvent: {}
[2.804504] (-) TimerEvent: {}
[2.904820] (-) TimerEvent: {}
[3.005113] (-) TimerEvent: {}
[3.105451] (-) TimerEvent: {}
[3.205793] (-) TimerEvent: {}
[3.306061] (-) TimerEvent: {}
[3.406330] (-) TimerEvent: {}
[3.506638] (-) TimerEvent: {}
[3.606901] (-) TimerEvent: {}
[3.707179] (-) TimerEvent: {}
[3.807432] (-) TimerEvent: {}
[3.907756] (-) TimerEvent: {}
[4.008025] (-) TimerEvent: {}
[4.108303] (-) TimerEvent: {}
[4.208644] (-) TimerEvent: {}
[4.308890] (-) TimerEvent: {}
[4.409143] (-) TimerEvent: {}
[4.509400] (-) TimerEvent: {}
[4.609661] (-) TimerEvent: {}
[4.709918] (-) TimerEvent: {}
[4.810190] (-) TimerEvent: {}
[4.910476] (-) TimerEvent: {}
[5.010775] (-) TimerEvent: {}
[5.111035] (-) TimerEvent: {}
[5.211297] (-) TimerEvent: {}
[5.311551] (-) TimerEvent: {}
[5.411824] (-) TimerEvent: {}
[5.512087] (-) TimerEvent: {}
[5.612351] (-) TimerEvent: {}
[5.712644] (-) TimerEvent: {}
[5.812965] (-) TimerEvent: {}
[5.913244] (-) TimerEvent: {}
[6.013510] (-) TimerEvent: {}
[6.113818] (-) TimerEvent: {}
[6.214087] (-) TimerEvent: {}
[6.314347] (-) TimerEvent: {}
[6.414630] (-) TimerEvent: {}
[6.514895] (-) TimerEvent: {}
[6.615145] (-) TimerEvent: {}
[6.715434] (-) TimerEvent: {}
[6.815684] (-) TimerEvent: {}
[6.915933] (-) TimerEvent: {}
[7.016188] (-) TimerEvent: {}
[7.116472] (-) TimerEvent: {}
[7.216761] (-) TimerEvent: {}
[7.317074] (-) TimerEvent: {}
[7.417392] (-) TimerEvent: {}
[7.519854] (-) TimerEvent: {}
[7.620163] (-) TimerEvent: {}
[7.720411] (-) TimerEvent: {}
[7.820665] (-) TimerEvent: {}
[7.920937] (-) TimerEvent: {}
[8.021196] (-) TimerEvent: {}
[8.121467] (-) TimerEvent: {}
[8.221772] (-) TimerEvent: {}
[8.322031] (-) TimerEvent: {}
[8.326750] (jeffrey_controllers) StderrLine: {'line': b'In file included from \x1b[01m\x1b[K/opt/openrobots/include/pinocchio/multibody/joint/joint-generic.hpp:9\x1b[m\x1b[K,\n'}
[8.327017] (jeffrey_controllers) StderrLine: {'line': b'                 from \x1b[01m\x1b[K/opt/openrobots/include/pinocchio/multibody/model.hpp:17\x1b[m\x1b[K,\n'}
[8.327092] (jeffrey_controllers) StderrLine: {'line': b'                 from \x1b[01m\x1b[K/opt/openrobots/include/pinocchio/algorithm/joint-configuration.hpp:8\x1b[m\x1b[K,\n'}
[8.327156] (jeffrey_controllers) StderrLine: {'line': b'                 from \x1b[01m\x1b[K/home/ros2_ws/src/jeffrey_controllers/src/dynamics_utilities.cpp:2\x1b[m\x1b[K:\n'}
[8.327221] (jeffrey_controllers) StderrLine: {'line': b'/opt/openrobots/include/pinocchio/multibody/joint/joint-composite.hpp: In instantiation of \xe2\x80\x98\x1b[01m\x1b[Kpinocchio::JointModelCompositeTpl<Scalar, Options, JointCollectionTpl>::\x1b[01;32m\x1b[KJointModelCompositeTpl\x1b[m\x1b[K(const pinocchio::JointModelCompositeTpl<Scalar, Options, JointCollectionTpl>&) \x1b[35m\x1b[K[with _Scalar = double; int _Options = 0; JointCollectionTpl = pinocchio::JointCollectionDefaultTpl]\x1b[m\x1b[K\x1b[m\x1b[K\xe2\x80\x99:\n'}
[8.327289] (jeffrey_controllers) StderrLine: {'line': b'\x1b[01m\x1b[K/usr/include/boost/variant/recursive_wrapper.hpp:116:10:\x1b[m\x1b[K   required from \xe2\x80\x98\x1b[01m\x1b[Kboost::recursive_wrapper<T>::\x1b[01;32m\x1b[Krecursive_wrapper\x1b[m\x1b[K(const boost::recursive_wrapper<T>&) \x1b[35m\x1b[K[with T = pinocchio::JointModelCompositeTpl<double>]\x1b[m\x1b[K\x1b[m\x1b[K\xe2\x80\x99\n'}
[8.327352] (jeffrey_controllers) StderrLine: {'line': b'\x1b[01m\x1b[K/usr/include/boost/variant/variant.hpp:459:9:\x1b[m\x1b[K   required from \xe2\x80\x98\x1b[01m\x1b[Kvoid boost::detail::variant::copy_into::\x1b[01;32m\x1b[Kinternal_visit\x1b[m\x1b[K(const T&, int) const \x1b[35m\x1b[K[with T = boost::recursive_wrapper<pinocchio::JointModelCompositeTpl<double> >]\x1b[m\x1b[K\x1b[m\x1b[K\xe2\x80\x99\n'}
[8.327414] (jeffrey_controllers) StderrLine: {'line': b'\x1b[01m\x1b[K/usr/include/boost/variant/detail/visitation_impl.hpp:117:34:\x1b[m\x1b[K   required from \xe2\x80\x98\x1b[01m\x1b[Ktypename Visitor::result_type boost::detail::variant::\x1b[01;32m\x1b[Kvisitation_impl_invoke_impl\x1b[m\x1b[K(int, Visitor&, VoidPtrCV, T*, mpl_::true_) \x1b[35m\x1b[K[with Visitor = copy_into; VoidPtrCV = const void*; T = boost::recursive_wrapper<pinocchio::JointModelCompositeTpl<double> >; typename Visitor::result_type = void; mpl_::true_ = mpl_::bool_<true>]\x1b[m\x1b[K\x1b[m\x1b[K\xe2\x80\x99\n'}
[8.327491] (jeffrey_controllers) StderrLine: {'line': b'\x1b[01m\x1b[K/usr/include/boost/variant/detail/visitation_impl.hpp:157:41:\x1b[m\x1b[K   required from \xe2\x80\x98\x1b[01m\x1b[Ktypename Visitor::result_type boost::detail::variant::\x1b[01;32m\x1b[Kvisitation_impl_invoke\x1b[m\x1b[K(int, Visitor&, VoidPtrCV, T*, NoBackupFlag, int) \x1b[35m\x1b[K[with Visitor = copy_into; VoidPtrCV = const void*; T = boost::recursive_wrapper<pinocchio::JointModelCompositeTpl<double> >; NoBackupFlag = boost::variant<pinocchio::JointModelRevoluteTpl<double, 0, 0>, pinocchio::JointModelRevoluteTpl<double, 0, 1>, pinocchio::JointModelRevoluteTpl<double, 0, 2>, pinocchio::JointModelFreeFlyerTpl<double, 0>, pinocchio::JointModelPlanarTpl<double, 0>, pinocchio::JointModelRevoluteUnalignedTpl<double, 0>, pinocchio::JointModelSphericalTpl<double, 0>, pinocchio::JointModelSphericalZYXTpl<double, 0>, pinocchio::JointModelEllipsoidTpl<double, 0>, pinocchio::JointModelPrismaticTpl<double, 0, 0>, pinocchio::JointModelPrismaticTpl<double, 0, 1>, pinocchio::JointModelPrismaticTpl<double, 0, 2>, pinocchio::JointModelPrismaticUnalignedTpl<double, 0>, pinocchio::JointModelTranslationTpl<double, 0>, pinocchio::JointModelRevoluteUnboundedTpl<double, 0, 0>, pinocchio::JointModelRevoluteUnboundedTpl<double, 0, 1>, pinocchio::JointModelRevoluteUnboundedTpl<double, 0, 2>, pinocchio::JointModelRevoluteUnboundedUnalignedTpl<double, 0>, pinocchio::JointModelHelicalTpl<double, 0, 0>, pinocchio::JointModelHelicalTpl<double, 0, 1>, pinocchio::JointModelHelicalTpl<double, 0, 2>, pinocchio::JointModelHelicalUnalignedTpl<double, 0>, pinocchio::JointModelUniversalTpl<double, 0>, boost::recursive_wrapper<pinocchio::JointModelCompositeTpl<double, 0, pinocchio::JointCollectionDefaultTpl> >, boost::recursive_wrapper<pinocchio::JointModelMimicTpl<double, 0, pinocchio::JointCollectionDefaultTpl> > >::has_fallback_type_; typename Visitor::result_type = void]\x1b[m\x1b[K\x1b[m\x1b[K\xe2\x80\x99\n'}
[8.327564] (jeffrey_controllers) StderrLine: {'line': b'\x1b[01m\x1b[K/usr/include/boost/variant/detail/visitation_impl.hpp:238:5:\x1b[m\x1b[K   required from \xe2\x80\x98\x1b[01m\x1b[Ktypename Visitor::result_type boost::detail::variant::\x1b[01;32m\x1b[Kvisitation_impl\x1b[m\x1b[K(int, int, Visitor&, VoidPtrCV, mpl_::false_, NoBackupFlag, Which*, step0*) \x1b[35m\x1b[K[with Which = mpl_::int_<0>; step0 = visitation_impl_step<boost::mpl::l_iter<boost::mpl::l_item<mpl_::long_<25>, pinocchio::JointModelRevoluteTpl<double, 0, 0>, boost::mpl::l_item<mpl_::long_<24>, pinocchio::JointModelRevoluteTpl<double, 0, 1>, boost::mpl::l_item<mpl_::long_<23>, pinocchio::JointModelRevoluteTpl<double, 0, 2>, boost::mpl::l_item<mpl_::long_<22>, pinocchio::JointModelFreeFlyerTpl<double>, boost::mpl::l_item<mpl_::long_<21>, pinocchio::JointModelPlanarTpl<double>, boost::mpl::l_item<mpl_::long_<20>, pinocchio::JointModelRevoluteUnalignedTpl<double>, boost::mpl::l_item<mpl_::long_<19>, pinocchio::JointModelSphericalTpl<double>, boost::mpl::l_item<mpl_::long_<18>, pinocchio::JointModelSphericalZYXTpl<double>, boost::mpl::l_item<mpl_::long_<17>, pinocchio::JointModelEllipsoidTpl<double>, boost::mpl::l_item<mpl_::long_<16>, pinocchio::JointModelPrismaticTpl<double, 0, 0>, boost::mpl::l_item<mpl_::long_<15>, pinocchio::JointModelPrismaticTpl<double, 0, 1>, boost::mpl::l_item<mpl_::long_<14>, pinocchio::JointModelPrismaticTpl<double, 0, 2>, boost::mpl::l_item<mpl_::long_<13>, pinocchio::JointModelPrismaticUnalignedTpl<double>, boost::mpl::l_item<mpl_::long_<12>, pinocchio::JointModelTranslationTpl<double>, boost::mpl::l_item<mpl_::long_<11>, pinocchio::JointModelRevoluteUnboundedTpl<double, 0, 0>, boost::mpl::l_item<mpl_::long_<10>, pinocchio::JointModelRevoluteUnboundedTpl<double, 0, 1>, boost::mpl::l_item<mpl_::long_<9>, pinocchio::JointModelRevoluteUnboundedTpl<double, 0, 2>, boost::mpl::l_item<mpl_::long_<8>, pinocchio::JointModelRevoluteUnboundedUnalignedTpl<double>, boost::mpl::l_item<mpl_::long_<7>, pinocchio::JointModelHelicalTpl<double, 0, 0>, boost::mpl::l_item<mpl_::long_<6>, pinocchio::JointModelHelicalTpl<double, 0, 1>, boost::mpl::l_item<mpl_::long_<5>, pinocchio::JointModelHelicalTpl<double, 0, 2>, boost::mpl::l_item<mpl_::long_<4>, pinocchio::JointModelHelicalUnalignedTpl<double>, boost::mpl::l_item<mpl_::long_<3>, pinocchio::JointModelUniversalTpl<double>, boost::mpl::l_item<mpl_::long_<2>, boost::recursive_wrapper<pinocchio::JointModelCompositeTpl<double> >, boost::mpl::l_item<mpl_::long_<1>, boost::recursive_wrapper<pinocchio::JointModelMimicTpl<double> >, boost::mpl::l_end> > > > > > > > > > > > > > > > > > > > > > > > > >, boost::mpl::l_iter<boost::mpl::l_end> >; Visitor = copy_into; VoidPtrCV = const void*; NoBackupFlag = boost::variant<pinocchio::JointModelRevoluteTpl<double, 0, 0>, pinocchio::JointModelRevoluteTpl<double, 0, 1>, pinocchio::JointModelRevoluteTpl<double, 0, 2>, pinocchio::JointModelFreeFlyerTpl<double, 0>, pinocchio::JointModelPlanarTpl<double, 0>, pinocchio::JointModelRevoluteUnalignedTpl<double, 0>, pinocchio::JointModelSphericalTpl<double, 0>, pinocchio::JointModelSphericalZYXTpl<double, 0>, pinocchio::JointModelEllipsoidTpl<double, 0>, pinocchio::JointModelPrismaticTpl<double, 0, 0>, pinocchio::JointModelPrismaticTpl<double, 0, 1>, pinocchio::JointModelPrismaticTpl<double, 0, 2>, pinocchio::JointModelPrismaticUnalignedTpl<double, 0>, pinocchio::JointModelTranslationTpl<double, 0>, pinocchio::JointModelRevoluteUnboundedTpl<double, 0, 0>, pinocchio::JointModelRevoluteUnboundedTpl<double, 0, 1>, pinocchio::JointModelRevoluteUnboundedTpl<double, 0, 2>, pinocchio::JointModelRevoluteUnboundedUnalignedTpl<double, 0>, pinocchio::JointModelHelicalTpl<double, 0, 0>, pinocchio::JointModelHelicalTpl<double, 0, 1>, pinocchio::JointModelHelicalTpl<double, 0, 2>, pinocchio::JointModelHelicalUnalignedTpl<double, 0>, pinocchio::JointModelUniversalTpl<double, 0>, boost::recursive_wrapper<pinocchio::JointModelCompositeTpl<double, 0, pinocchio::JointCollectionDefaultTpl> >, boost::recursive_wrapper<pinocchio::JointModelMimicTpl<double, 0, pinocchio::JointCollectionDefaultTpl> > >::has_fallback_type_; typename Visitor::result_type = void; mpl_::false_ = mpl_::bool_<false>]\x1b[m\x1b[K\x1b[m\x1b[K\xe2\x80\x99\n'}
[8.327676] (jeffrey_controllers) StderrLine: {'line': b'\x1b[01m\x1b[K/usr/include/boost/variant/variant.hpp:2338:48:\x1b[m\x1b[K   required from \xe2\x80\x98\x1b[01m\x1b[Kstatic typename Visitor::result_type boost::variant<T0, TN>::\x1b[01;32m\x1b[Kinternal_apply_visitor_impl\x1b[m\x1b[K(int, int, Visitor&, VoidPtrCV) \x1b[35m\x1b[K[with Visitor = boost::detail::variant::copy_into; VoidPtrCV = const void*; T0_ = pinocchio::JointModelRevoluteTpl<double, 0, 0>; TN = {pinocchio::JointModelRevoluteTpl<double, 0, 1>, pinocchio::JointModelRevoluteTpl<double, 0, 2>, pinocchio::JointModelFreeFlyerTpl<double, 0>, pinocchio::JointModelPlanarTpl<double, 0>, pinocchio::JointModelRevoluteUnalignedTpl<double, 0>, pinocchio::JointModelSphericalTpl<double, 0>, pinocchio::JointModelSphericalZYXTpl<double, 0>, pinocchio::JointModelEllipsoidTpl<double, 0>, pinocchio::JointModelPrismaticTpl<double, 0, 0>, pinocchio::JointModelPrismaticTpl<double, 0, 1>, pinocchio::JointModelPrismaticTpl<double, 0, 2>, pinocchio::JointModelPrismaticUnalignedTpl<double, 0>, pinocchio::JointModelTranslationTpl<double, 0>, pinocchio::JointModelRevoluteUnboundedTpl<double, 0, 0>, pinocchio::JointModelRevoluteUnboundedTpl<double, 0, 1>, pinocchio::JointModelRevoluteUnboundedTpl<double, 0, 2>, pinocchio::JointModelRevoluteUnboundedUnalignedTpl<double, 0>, pinocchio::JointModelHelicalTpl<double, 0, 0>, pinocchio::JointModelHelicalTpl<double, 0, 1>, pinocchio::JointModelHelicalTpl<double, 0, 2>, pinocchio::JointModelHelicalUnalignedTpl<double, 0>, pinocchio::JointModelUniversalTpl<double, 0>, boost::recursive_wrapper<pinocchio::JointModelCompositeTpl<double, 0, pinocchio::JointCollectionDefaultTpl> >, boost::recursive_wrapper<pinocchio::JointModelMimicTpl<double, 0, pinocchio::JointCollectionDefaultTpl> >}; typename Visitor::result_type = void]\x1b[m\x1b[K\x1b[m\x1b[K\xe2\x80\x99\n'}
[8.327748] (jeffrey_controllers) StderrLine: {'line': b'\x1b[01m\x1b[K/usr/include/boost/variant/variant.hpp:2359:43:\x1b[m\x1b[K   required from \xe2\x80\x98\x1b[01m\x1b[Ktypename Visitor::result_type boost::variant<T0, TN>::\x1b[01;32m\x1b[Kinternal_apply_visitor\x1b[m\x1b[K(Visitor&) const \x1b[35m\x1b[K[with Visitor = boost::detail::variant::copy_into; T0_ = pinocchio::JointModelRevoluteTpl<double, 0, 0>; TN = {pinocchio::JointModelRevoluteTpl<double, 0, 1>, pinocchio::JointModelRevoluteTpl<double, 0, 2>, pinocchio::JointModelFreeFlyerTpl<double, 0>, pinocchio::JointModelPlanarTpl<double, 0>, pinocchio::JointModelRevoluteUnalignedTpl<double, 0>, pinocchio::JointModelSphericalTpl<double, 0>, pinocchio::JointModelSphericalZYXTpl<double, 0>, pinocchio::JointModelEllipsoidTpl<double, 0>, pinocchio::JointModelPrismaticTpl<double, 0, 0>, pinocchio::JointModelPrismaticTpl<double, 0, 1>, pinocchio::JointModelPrismaticTpl<double, 0, 2>, pinocchio::JointModelPrismaticUnalignedTpl<double, 0>, pinocchio::JointModelTranslationTpl<double, 0>, pinocchio::JointModelRevoluteUnboundedTpl<double, 0, 0>, pinocchio::JointModelRevoluteUnboundedTpl<double, 0, 1>, pinocchio::JointModelRevoluteUnboundedTpl<double, 0, 2>, pinocchio::JointModelRevoluteUnboundedUnalignedTpl<double, 0>, pinocchio::JointModelHelicalTpl<double, 0, 0>, pinocchio::JointModelHelicalTpl<double, 0, 1>, pinocchio::JointModelHelicalTpl<double, 0, 2>, pinocchio::JointModelHelicalUnalignedTpl<double, 0>, pinocchio::JointModelUniversalTpl<double, 0>, boost::recursive_wrapper<pinocchio::JointModelCompositeTpl<double, 0, pinocchio::JointCollectionDefaultTpl> >, boost::recursive_wrapper<pinocchio::JointModelMimicTpl<double, 0, pinocchio::JointCollectionDefaultTpl> >}; typename Visitor::result_type = void]\x1b[m\x1b[K\x1b[m\x1b[K\xe2\x80\x99\n'}
[8.327820] (jeffrey_controllers) StderrLine: {'line': b'\x1b[01m\x1b[K/usr/include/boost/variant/variant.hpp:1763:39:\x1b[m\x1b[K   required from \xe2\x80\x98\x1b[01m\x1b[Kboost::variant<T0, TN>::\x1b[01;32m\x1b[Kvariant\x1b[m\x1b[K(const boost::variant<T0, TN>&) \x1b[35m\x1b[K[with T0_ = pinocchio::JointModelRevoluteTpl<double, 0, 0>; TN = {pinocchio::JointModelRevoluteTpl<double, 0, 1>, pinocchio::JointModelRevoluteTpl<double, 0, 2>, pinocchio::JointModelFreeFlyerTpl<double, 0>, pinocchio::JointModelPlanarTpl<double, 0>, pinocchio::JointModelRevoluteUnalignedTpl<double, 0>, pinocchio::JointModelSphericalTpl<double, 0>, pinocchio::JointModelSphericalZYXTpl<double, 0>, pinocchio::JointModelEllipsoidTpl<double, 0>, pinocchio::JointModelPrismaticTpl<double, 0, 0>, pinocchio::JointModelPrismaticTpl<double, 0, 1>, pinocchio::JointModelPrismaticTpl<double, 0, 2>, pinocchio::JointModelPrismaticUnalignedTpl<double, 0>, pinocchio::JointModelTranslationTpl<double, 0>, pinocchio::JointModelRevoluteUnboundedTpl<double, 0, 0>, pinocchio::JointModelRevoluteUnboundedTpl<double, 0, 1>, pinocchio::JointModelRevoluteUnboundedTpl<double, 0, 2>, pinocchio::JointModelRevoluteUnboundedUnalignedTpl<double, 0>, pinocchio::JointModelHelicalTpl<double, 0, 0>, pinocchio::JointModelHelicalTpl<double, 0, 1>, pinocchio::JointModelHelicalTpl<double, 0, 2>, pinocchio::JointModelHelicalUnalignedTpl<double, 0>, pinocchio::JointModelUniversalTpl<double, 0>, boost::recursive_wrapper<pinocchio::JointModelCompositeTpl<double, 0, pinocchio::JointCollectionDefaultTpl> >, boost::recursive_wrapper<pinocchio::JointModelMimicTpl<double, 0, pinocchio::JointCollectionDefaultTpl> >}]\x1b[m\x1b[K\x1b[m\x1b[K\xe2\x80\x99\n'}
[8.327900] (jeffrey_controllers) StderrLine: {'line': b'\x1b[01m\x1b[K/opt/openrobots/include/pinocchio/multibody/joint/joint-generic.hpp:262:10:\x1b[m\x1b[K   required from \xe2\x80\x98\x1b[01m\x1b[Kvoid pinocchio::\x1b[01;32m\x1b[KbuildReducedModel\x1b[m\x1b[K(const ModelTpl<_Scalar, _Options, JointCollectionTpl>&, std::vector<long unsigned int>, const Eigen::MatrixBase<Matrix3Like>&, ModelTpl<_Scalar, _Options, JointCollectionTpl>&) \x1b[35m\x1b[K[with Scalar = double; int Options = 0; JointCollectionTpl = JointCollectionDefaultTpl; ConfigVectorType = Eigen::Matrix<double, -1, 1>]\x1b[m\x1b[K\x1b[m\x1b[K\xe2\x80\x99\n'}
[8.327982] (jeffrey_controllers) StderrLine: {'line': b'\x1b[01m\x1b[K/opt/openrobots/include/pinocchio/algorithm/model.hpp:142:22:\x1b[m\x1b[K   required from \xe2\x80\x98\x1b[01m\x1b[Kpinocchio::ModelTpl<_Scalar, _Options, JointCollectionTpl> pinocchio::\x1b[01;32m\x1b[KbuildReducedModel\x1b[m\x1b[K(const ModelTpl<_Scalar, _Options, JointCollectionTpl>&, const std::vector<long unsigned int>&, const Eigen::MatrixBase<Matrix3Like>&) \x1b[35m\x1b[K[with Scalar = double; int Options = 0; JointCollectionTpl = JointCollectionDefaultTpl; ConfigVectorType = Eigen::Matrix<double, -1, 1>]\x1b[m\x1b[K\x1b[m\x1b[K\xe2\x80\x99\n'}
[8.328054] (jeffrey_controllers) StderrLine: {'line': b'\x1b[01m\x1b[K/home/ros2_ws/src/jeffrey_controllers/src/dynamics_utilities.cpp:49:40:\x1b[m\x1b[K   required from here\n'}
[8.328114] (jeffrey_controllers) StderrLine: {'line': b'\x1b[01m\x1b[K/opt/openrobots/include/pinocchio/multibody/joint/joint-composite.hpp:727:9:\x1b[m\x1b[K \x1b[01;35m\x1b[Kwarning: \x1b[m\x1b[K\xe2\x80\x98\x1b[01m\x1b[Kpinocchio::JointModelCompositeTpl<double>::njoints\x1b[m\x1b[K\xe2\x80\x99 will be initialized after [\x1b[01;35m\x1b[K\x1b]8;;https://gcc.gnu.org/onlinedocs/gcc/Warning-Options.html#index-Wreorder\x07-Wreorder\x1b]8;;\x07\x1b[m\x1b[K]\n'}
[8.328175] (jeffrey_controllers) StderrLine: {'line': b'  727 |     int \x1b[01;35m\x1b[Knjoints\x1b[m\x1b[K;\n'}
[8.328227] (jeffrey_controllers) StderrLine: {'line': b'      |         \x1b[01;35m\x1b[K^~~~~~~\x1b[m\x1b[K\n'}
[8.328272] (jeffrey_controllers) StderrLine: {'line': b'\x1b[01m\x1b[K/opt/openrobots/include/pinocchio/multibody/joint/joint-composite.hpp:723:30:\x1b[m\x1b[K \x1b[01;35m\x1b[Kwarning: \x1b[m\x1b[K  \xe2\x80\x98\x1b[01m\x1b[Kstd::vector<std::__cxx11::basic_string<char> > pinocchio::JointModelCompositeTpl<double>::jointNames\x1b[m\x1b[K\xe2\x80\x99 [\x1b[01;35m\x1b[K\x1b]8;;https://gcc.gnu.org/onlinedocs/gcc/Warning-Options.html#index-Wreorder\x07-Wreorder\x1b]8;;\x07\x1b[m\x1b[K]\n'}
[8.328316] (jeffrey_controllers) StderrLine: {'line': b'  723 |     std::vector<std::string> \x1b[01;35m\x1b[KjointNames\x1b[m\x1b[K;\n'}
[8.328362] (jeffrey_controllers) StderrLine: {'line': b'      |                              \x1b[01;35m\x1b[K^~~~~~~~~~\x1b[m\x1b[K\n'}
[8.328406] (jeffrey_controllers) StderrLine: {'line': b'\x1b[01m\x1b[K/opt/openrobots/include/pinocchio/multibody/joint/joint-composite.hpp:266:5:\x1b[m\x1b[K \x1b[01;35m\x1b[Kwarning: \x1b[m\x1b[K  when initialized here [\x1b[01;35m\x1b[K\x1b]8;;https://gcc.gnu.org/onlinedocs/gcc/Warning-Options.html#index-Wreorder\x07-Wreorder\x1b]8;;\x07\x1b[m\x1b[K]\n'}
[8.328452] (jeffrey_controllers) StderrLine: {'line': b'  266 |     \x1b[01;35m\x1b[KJointModelCompositeTpl\x1b[m\x1b[K(const JointModelCompositeTpl & other)\n'}
[8.328498] (jeffrey_controllers) StderrLine: {'line': b'      |     \x1b[01;35m\x1b[K^~~~~~~~~~~~~~~~~~~~~~\x1b[m\x1b[K\n'}
[8.364598] (jeffrey_controllers) StderrLine: {'line': b'In file included from \x1b[01m\x1b[K/opt/openrobots/include/pinocchio/multibody/joint/joint-generic.hpp:9\x1b[m\x1b[K,\n'}
[8.364769] (jeffrey_controllers) StderrLine: {'line': b'                 from \x1b[01m\x1b[K/opt/openrobots/include/pinocchio/multibody/model.hpp:17\x1b[m\x1b[K,\n'}
[8.364828] (jeffrey_controllers) StderrLine: {'line': b'                 from \x1b[01m\x1b[K/opt/openrobots/include/pinocchio/algorithm/joint-configuration.hpp:8\x1b[m\x1b[K,\n'}
[8.364877] (jeffrey_controllers) StderrLine: {'line': b'                 from \x1b[01m\x1b[K/home/ros2_ws/src/jeffrey_controllers/src/dynamics_utilities.cpp:2\x1b[m\x1b[K:\n'}
[8.364927] (jeffrey_controllers) StderrLine: {'line': b'/opt/openrobots/include/pinocchio/multibody/joint/joint-composite.hpp: In instantiation of \xe2\x80\x98\x1b[01m\x1b[Kpinocchio::JointModelCompositeTpl<Scalar, Options, JointCollectionTpl>::\x1b[01;32m\x1b[KJointModelCompositeTpl\x1b[m\x1b[K(const pinocchio::JointModelCompositeTpl<Scalar, Options, JointCollectionTpl>&) \x1b[35m\x1b[K[with _Scalar = double; int _Options = 0; JointCollectionTpl = pinocchio::JointCollectionDefaultTpl]\x1b[m\x1b[K\x1b[m\x1b[K\xe2\x80\x99:\n'}
[8.365077] (jeffrey_controllers) StderrLine: {'line': b'\x1b[01m\x1b[K/usr/include/boost/variant/recursive_wrapper.hpp:116:10:\x1b[m\x1b[K   required from \xe2\x80\x98\x1b[01m\x1b[Kboost::recursive_wrapper<T>::\x1b[01;32m\x1b[Krecursive_wrapper\x1b[m\x1b[K(const boost::recursive_wrapper<T>&) \x1b[35m\x1b[K[with T = pinocchio::JointModelCompositeTpl<double>]\x1b[m\x1b[K\x1b[m\x1b[K\xe2\x80\x99\n'}
[8.365126] (jeffrey_controllers) StderrLine: {'line': b'\x1b[01m\x1b[K/usr/include/boost/variant/variant.hpp:459:9:\x1b[m\x1b[K   required from \xe2\x80\x98\x1b[01m\x1b[Kvoid boost::detail::variant::copy_into::\x1b[01;32m\x1b[Kinternal_visit\x1b[m\x1b[K(const T&, int) const \x1b[35m\x1b[K[with T = boost::recursive_wrapper<pinocchio::JointModelCompositeTpl<double> >]\x1b[m\x1b[K\x1b[m\x1b[K\xe2\x80\x99\n'}
[8.365171] (jeffrey_controllers) StderrLine: {'line': b'\x1b[01m\x1b[K/usr/include/boost/variant/detail/visitation_impl.hpp:117:34:\x1b[m\x1b[K   required from \xe2\x80\x98\x1b[01m\x1b[Ktypename Visitor::result_type boost::detail::variant::\x1b[01;32m\x1b[Kvisitation_impl_invoke_impl\x1b[m\x1b[K(int, Visitor&, VoidPtrCV, T*, mpl_::true_) \x1b[35m\x1b[K[with Visitor = copy_into; VoidPtrCV = const void*; T = boost::recursive_wrapper<pinocchio::JointModelCompositeTpl<double> >; typename Visitor::result_type = void; mpl_::true_ = mpl_::bool_<true>]\x1b[m\x1b[K\x1b[m\x1b[K\xe2\x80\x99\n'}
[8.365221] (jeffrey_controllers) StderrLine: {'line': b'\x1b[01m\x1b[K/usr/include/boost/variant/detail/visitation_impl.hpp:157:41:\x1b[m\x1b[K   required from \xe2\x80\x98\x1b[01m\x1b[Ktypename Visitor::result_type boost::detail::variant::\x1b[01;32m\x1b[Kvisitation_impl_invoke\x1b[m\x1b[K(int, Visitor&, VoidPtrCV, T*, NoBackupFlag, int) \x1b[35m\x1b[K[with Visitor = copy_into; VoidPtrCV = const void*; T = boost::recursive_wrapper<pinocchio::JointModelCompositeTpl<double> >; NoBackupFlag = boost::variant<pinocchio::JointModelRevoluteTpl<double, 0, 0>, pinocchio::JointModelRevoluteTpl<double, 0, 1>, pinocchio::JointModelRevoluteTpl<double, 0, 2>, pinocchio::JointModelFreeFlyerTpl<double, 0>, pinocchio::JointModelPlanarTpl<double, 0>, pinocchio::JointModelRevoluteUnalignedTpl<double, 0>, pinocchio::JointModelSphericalTpl<double, 0>, pinocchio::JointModelSphericalZYXTpl<double, 0>, pinocchio::JointModelEllipsoidTpl<double, 0>, pinocchio::JointModelPrismaticTpl<double, 0, 0>, pinocchio::JointModelPrismaticTpl<double, 0, 1>, pinocchio::JointModelPrismaticTpl<double, 0, 2>, pinocchio::JointModelPrismaticUnalignedTpl<double, 0>, pinocchio::JointModelTranslationTpl<double, 0>, pinocchio::JointModelRevoluteUnboundedTpl<double, 0, 0>, pinocchio::JointModelRevoluteUnboundedTpl<double, 0, 1>, pinocchio::JointModelRevoluteUnboundedTpl<double, 0, 2>, pinocchio::JointModelRevoluteUnboundedUnalignedTpl<double, 0>, pinocchio::JointModelHelicalTpl<double, 0, 0>, pinocchio::JointModelHelicalTpl<double, 0, 1>, pinocchio::JointModelHelicalTpl<double, 0, 2>, pinocchio::JointModelHelicalUnalignedTpl<double, 0>, pinocchio::JointModelUniversalTpl<double, 0>, boost::recursive_wrapper<pinocchio::JointModelCompositeTpl<double, 0, pinocchio::JointCollectionDefaultTpl> >, boost::recursive_wrapper<pinocchio::JointModelMimicTpl<double, 0, pinocchio::JointCollectionDefaultTpl> > >::has_fallback_type_; typename Visitor::result_type = void]\x1b[m\x1b[K\x1b[m\x1b[K\xe2\x80\x99\n'}
[8.365276] (jeffrey_controllers) StderrLine: {'line': b'\x1b[01m\x1b[K/usr/include/boost/variant/detail/visitation_impl.hpp:238:5:\x1b[m\x1b[K   required from \xe2\x80\x98\x1b[01m\x1b[Ktypename Visitor::result_type boost::detail::variant::\x1b[01;32m\x1b[Kvisitation_impl\x1b[m\x1b[K(int, int, Visitor&, VoidPtrCV, mpl_::false_, NoBackupFlag, Which*, step0*) \x1b[35m\x1b[K[with Which = mpl_::int_<0>; step0 = visitation_impl_step<boost::mpl::l_iter<boost::mpl::l_item<mpl_::long_<25>, pinocchio::JointModelRevoluteTpl<double, 0, 0>, boost::mpl::l_item<mpl_::long_<24>, pinocchio::JointModelRevoluteTpl<double, 0, 1>, boost::mpl::l_item<mpl_::long_<23>, pinocchio::JointModelRevoluteTpl<double, 0, 2>, boost::mpl::l_item<mpl_::long_<22>, pinocchio::JointModelFreeFlyerTpl<double>, boost::mpl::l_item<mpl_::long_<21>, pinocchio::JointModelPlanarTpl<double>, boost::mpl::l_item<mpl_::long_<20>, pinocchio::JointModelRevoluteUnalignedTpl<double>, boost::mpl::l_item<mpl_::long_<19>, pinocchio::JointModelSphericalTpl<double>, boost::mpl::l_item<mpl_::long_<18>, pinocchio::JointModelSphericalZYXTpl<double>, boost::mpl::l_item<mpl_::long_<17>, pinocchio::JointModelEllipsoidTpl<double>, boost::mpl::l_item<mpl_::long_<16>, pinocchio::JointModelPrismaticTpl<double, 0, 0>, boost::mpl::l_item<mpl_::long_<15>, pinocchio::JointModelPrismaticTpl<double, 0, 1>, boost::mpl::l_item<mpl_::long_<14>, pinocchio::JointModelPrismaticTpl<double, 0, 2>, boost::mpl::l_item<mpl_::long_<13>, pinocchio::JointModelPrismaticUnalignedTpl<double>, boost::mpl::l_item<mpl_::long_<12>, pinocchio::JointModelTranslationTpl<double>, boost::mpl::l_item<mpl_::long_<11>, pinocchio::JointModelRevoluteUnboundedTpl<double, 0, 0>, boost::mpl::l_item<mpl_::long_<10>, pinocchio::JointModelRevoluteUnboundedTpl<double, 0, 1>, boost::mpl::l_item<mpl_::long_<9>, pinocchio::JointModelRevoluteUnboundedTpl<double, 0, 2>, boost::mpl::l_item<mpl_::long_<8>, pinocchio::JointModelRevoluteUnboundedUnalignedTpl<double>, boost::mpl::l_item<mpl_::long_<7>, pinocchio::JointModelHelicalTpl<double, 0, 0>, boost::mpl::l_item<mpl_::long_<6>, pinocchio::JointModelHelicalTpl<double, 0, 1>, boost::mpl::l_item<mpl_::long_<5>, pinocchio::JointModelHelicalTpl<double, 0, 2>, boost::mpl::l_item<mpl_::long_<4>, pinocchio::JointModelHelicalUnalignedTpl<double>, boost::mpl::l_item<mpl_::long_<3>, pinocchio::JointModelUniversalTpl<double>, boost::mpl::l_item<mpl_::long_<2>, boost::recursive_wrapper<pinocchio::JointModelCompositeTpl<double> >, boost::mpl::l_item<mpl_::long_<1>, boost::recursive_wrapper<pinocchio::JointModelMimicTpl<double> >, boost::mpl::l_end> > > > > > > > > > > > > > > > > > > > > > > > > >, boost::mpl::l_iter<boost::mpl::l_end> >; Visitor = copy_into; VoidPtrCV = const void*; NoBackupFlag = boost::variant<pinocchio::JointModelRevoluteTpl<double, 0, 0>, pinocchio::JointModelRevoluteTpl<double, 0, 1>, pinocchio::JointModelRevoluteTpl<double, 0, 2>, pinocchio::JointModelFreeFlyerTpl<double, 0>, pinocchio::JointModelPlanarTpl<double, 0>, pinocchio::JointModelRevoluteUnalignedTpl<double, 0>, pinocchio::JointModelSphericalTpl<double, 0>, pinocchio::JointModelSphericalZYXTpl<double, 0>, pinocchio::JointModelEllipsoidTpl<double, 0>, pinocchio::JointModelPrismaticTpl<double, 0, 0>, pinocchio::JointModelPrismaticTpl<double, 0, 1>, pinocchio::JointModelPrismaticTpl<double, 0, 2>, pinocchio::JointModelPrismaticUnalignedTpl<double, 0>, pinocchio::JointModelTranslationTpl<double, 0>, pinocchio::JointModelRevoluteUnboundedTpl<double, 0, 0>, pinocchio::JointModelRevoluteUnboundedTpl<double, 0, 1>, pinocchio::JointModelRevoluteUnboundedTpl<double, 0, 2>, pinocchio::JointModelRevoluteUnboundedUnalignedTpl<double, 0>, pinocchio::JointModelHelicalTpl<double, 0, 0>, pinocchio::JointModelHelicalTpl<double, 0, 1>, pinocchio::JointModelHelicalTpl<double, 0, 2>, pinocchio::JointModelHelicalUnalignedTpl<double, 0>, pinocchio::JointModelUniversalTpl<double, 0>, boost::recursive_wrapper<pinocchio::JointModelCompositeTpl<double, 0, pinocchio::JointCollectionDefaultTpl> >, boost::recursive_wrapper<pinocchio::JointModelMimicTpl<double, 0, pinocchio::JointCollectionDefaultTpl> > >::has_fallback_type_; typename Visitor::result_type = void; mpl_::false_ = mpl_::bool_<false>]\x1b[m\x1b[K\x1b[m\x1b[K\xe2\x80\x99\n'}
[8.365349] (jeffrey_controllers) StderrLine: {'line': b'\x1b[01m\x1b[K/usr/include/boost/variant/variant.hpp:2338:48:\x1b[m\x1b[K   required from \xe2\x80\x98\x1b[01m\x1b[Kstatic typename Visitor::result_type boost::variant<T0, TN>::\x1b[01;32m\x1b[Kinternal_apply_visitor_impl\x1b[m\x1b[K(int, int, Visitor&, VoidPtrCV) \x1b[35m\x1b[K[with Visitor = boost::detail::variant::copy_into; VoidPtrCV = const void*; T0_ = pinocchio::JointModelRevoluteTpl<double, 0, 0>; TN = {pinocchio::JointModelRevoluteTpl<double, 0, 1>, pinocchio::JointModelRevoluteTpl<double, 0, 2>, pinocchio::JointModelFreeFlyerTpl<double, 0>, pinocchio::JointModelPlanarTpl<double, 0>, pinocchio::JointModelRevoluteUnalignedTpl<double, 0>, pinocchio::JointModelSphericalTpl<double, 0>, pinocchio::JointModelSphericalZYXTpl<double, 0>, pinocchio::JointModelEllipsoidTpl<double, 0>, pinocchio::JointModelPrismaticTpl<double, 0, 0>, pinocchio::JointModelPrismaticTpl<double, 0, 1>, pinocchio::JointModelPrismaticTpl<double, 0, 2>, pinocchio::JointModelPrismaticUnalignedTpl<double, 0>, pinocchio::JointModelTranslationTpl<double, 0>, pinocchio::JointModelRevoluteUnboundedTpl<double, 0, 0>, pinocchio::JointModelRevoluteUnboundedTpl<double, 0, 1>, pinocchio::JointModelRevoluteUnboundedTpl<double, 0, 2>, pinocchio::JointModelRevoluteUnboundedUnalignedTpl<double, 0>, pinocchio::JointModelHelicalTpl<double, 0, 0>, pinocchio::JointModelHelicalTpl<double, 0, 1>, pinocchio::JointModelHelicalTpl<double, 0, 2>, pinocchio::JointModelHelicalUnalignedTpl<double, 0>, pinocchio::JointModelUniversalTpl<double, 0>, boost::recursive_wrapper<pinocchio::JointModelCompositeTpl<double, 0, pinocchio::JointCollectionDefaultTpl> >, boost::recursive_wrapper<pinocchio::JointModelMimicTpl<double, 0, pinocchio::JointCollectionDefaultTpl> >}; typename Visitor::result_type = void]\x1b[m\x1b[K\x1b[m\x1b[K\xe2\x80\x99\n'}
[8.365405] (jeffrey_controllers) StderrLine: {'line': b'\x1b[01m\x1b[K/usr/include/boost/variant/variant.hpp:2359:43:\x1b[m\x1b[K   required from \xe2\x80\x98\x1b[01m\x1b[Ktypename Visitor::result_type boost::variant<T0, TN>::\x1b[01;32m\x1b[Kinternal_apply_visitor\x1b[m\x1b[K(Visitor&) const \x1b[35m\x1b[K[with Visitor = boost::detail::variant::copy_into; T0_ = pinocchio::JointModelRevoluteTpl<double, 0, 0>; TN = {pinocchio::JointModelRevoluteTpl<double, 0, 1>, pinocchio::JointModelRevoluteTpl<double, 0, 2>, pinocchio::JointModelFreeFlyerTpl<double, 0>, pinocchio::JointModelPlanarTpl<double, 0>, pinocchio::JointModelRevoluteUnalignedTpl<double, 0>, pinocchio::JointModelSphericalTpl<double, 0>, pinocchio::JointModelSphericalZYXTpl<double, 0>, pinocchio::JointModelEllipsoidTpl<double, 0>, pinocchio::JointModelPrismaticTpl<double, 0, 0>, pinocchio::JointModelPrismaticTpl<double, 0, 1>, pinocchio::JointModelPrismaticTpl<double, 0, 2>, pinocchio::JointModelPrismaticUnalignedTpl<double, 0>, pinocchio::JointModelTranslationTpl<double, 0>, pinocchio::JointModelRevoluteUnboundedTpl<double, 0, 0>, pinocchio::JointModelRevoluteUnboundedTpl<double, 0, 1>, pinocchio::JointModelRevoluteUnboundedTpl<double, 0, 2>, pinocchio::JointModelRevoluteUnboundedUnalignedTpl<double, 0>, pinocchio::JointModelHelicalTpl<double, 0, 0>, pinocchio::JointModelHelicalTpl<double, 0, 1>, pinocchio::JointModelHelicalTpl<double, 0, 2>, pinocchio::JointModelHelicalUnalignedTpl<double, 0>, pinocchio::JointModelUniversalTpl<double, 0>, boost::recursive_wrapper<pinocchio::JointModelCompositeTpl<double, 0, pinocchio::JointCollectionDefaultTpl> >, boost::recursive_wrapper<pinocchio::JointModelMimicTpl<double, 0, pinocchio::JointCollectionDefaultTpl> >}; typename Visitor::result_type = void]\x1b[m\x1b[K\x1b[m\x1b[K\xe2\x80\x99\n'}
[8.365457] (jeffrey_controllers) StderrLine: {'line': b'\x1b[01m\x1b[K/usr/include/boost/variant/variant.hpp:1763:39:\x1b[m\x1b[K   required from \xe2\x80\x98\x1b[01m\x1b[Kboost::variant<T0, TN>::\x1b[01;32m\x1b[Kvariant\x1b[m\x1b[K(const boost::variant<T0, TN>&) \x1b[35m\x1b[K[with T0_ = pinocchio::JointModelRevoluteTpl<double, 0, 0>; TN = {pinocchio::JointModelRevoluteTpl<double, 0, 1>, pinocchio::JointModelRevoluteTpl<double, 0, 2>, pinocchio::JointModelFreeFlyerTpl<double, 0>, pinocchio::JointModelPlanarTpl<double, 0>, pinocchio::JointModelRevoluteUnalignedTpl<double, 0>, pinocchio::JointModelSphericalTpl<double, 0>, pinocchio::JointModelSphericalZYXTpl<double, 0>, pinocchio::JointModelEllipsoidTpl<double, 0>, pinocchio::JointModelPrismaticTpl<double, 0, 0>, pinocchio::JointModelPrismaticTpl<double, 0, 1>, pinocchio::JointModelPrismaticTpl<double, 0, 2>, pinocchio::JointModelPrismaticUnalignedTpl<double, 0>, pinocchio::JointModelTranslationTpl<double, 0>, pinocchio::JointModelRevoluteUnboundedTpl<double, 0, 0>, pinocchio::JointModelRevoluteUnboundedTpl<double, 0, 1>, pinocchio::JointModelRevoluteUnboundedTpl<double, 0, 2>, pinocchio::JointModelRevoluteUnboundedUnalignedTpl<double, 0>, pinocchio::JointModelHelicalTpl<double, 0, 0>, pinocchio::JointModelHelicalTpl<double, 0, 1>, pinocchio::JointModelHelicalTpl<double, 0, 2>, pinocchio::JointModelHelicalUnalignedTpl<double, 0>, pinocchio::JointModelUniversalTpl<double, 0>, boost::recursive_wrapper<pinocchio::JointModelCompositeTpl<double, 0, pinocchio::JointCollectionDefaultTpl> >, boost::recursive_wrapper<pinocchio::JointModelMimicTpl<double, 0, pinocchio::JointCollectionDefaultTpl> >}]\x1b[m\x1b[K\x1b[m\x1b[K\xe2\x80\x99\n'}
[8.365510] (jeffrey_controllers) StderrLine: {'line': b'\x1b[01m\x1b[K/opt/openrobots/include/pinocchio/multibody/joint/joint-generic.hpp:262:10:\x1b[m\x1b[K   required from \xe2\x80\x98\x1b[01m\x1b[Kvoid pinocchio::\x1b[01;32m\x1b[KbuildReducedModel\x1b[m\x1b[K(const ModelTpl<_Scalar, _Options, JointCollectionTpl>&, std::vector<long unsigned int>, const Eigen::MatrixBase<Matrix3Like>&, ModelTpl<_Scalar, _Options, JointCollectionTpl>&) \x1b[35m\x1b[K[with Scalar = double; int Options = 0; JointCollectionTpl = JointCollectionDefaultTpl; ConfigVectorType = Eigen::Matrix<double, -1, 1>]\x1b[m\x1b[K\x1b[m\x1b[K\xe2\x80\x99\n'}
[8.365560] (jeffrey_controllers) StderrLine: {'line': b'\x1b[01m\x1b[K/opt/openrobots/include/pinocchio/algorithm/model.hpp:142:22:\x1b[m\x1b[K   required from \xe2\x80\x98\x1b[01m\x1b[Kpinocchio::ModelTpl<_Scalar, _Options, JointCollectionTpl> pinocchio::\x1b[01;32m\x1b[KbuildReducedModel\x1b[m\x1b[K(const ModelTpl<_Scalar, _Options, JointCollectionTpl>&, const std::vector<long unsigned int>&, const Eigen::MatrixBase<Matrix3Like>&) \x1b[35m\x1b[K[with Scalar = double; int Options = 0; JointCollectionTpl = JointCollectionDefaultTpl; ConfigVectorType = Eigen::Matrix<double, -1, 1>]\x1b[m\x1b[K\x1b[m\x1b[K\xe2\x80\x99\n'}
[8.365617] (jeffrey_controllers) StderrLine: {'line': b'\x1b[01m\x1b[K/home/ros2_ws/src/jeffrey_controllers/src/dynamics_utilities.cpp:49:40:\x1b[m\x1b[K   required from here\n'}
[8.365663] (jeffrey_controllers) StderrLine: {'line': b'\x1b[01m\x1b[K/opt/openrobots/include/pinocchio/multibody/joint/joint-composite.hpp:727:9:\x1b[m\x1b[K \x1b[01;35m\x1b[Kwarning: \x1b[m\x1b[K\xe2\x80\x98\x1b[01m\x1b[Kpinocchio::JointModelCompositeTpl<double>::njoints\x1b[m\x1b[K\xe2\x80\x99 will be initialized after [\x1b[01;35m\x1b[K\x1b]8;;https://gcc.gnu.org/onlinedocs/gcc/Warning-Options.html#index-Wreorder\x07-Wreorder\x1b]8;;\x07\x1b[m\x1b[K]\n'}
[8.365707] (jeffrey_controllers) StderrLine: {'line': b'  727 |     int \x1b[01;35m\x1b[Knjoints\x1b[m\x1b[K;\n'}
[8.365751] (jeffrey_controllers) StderrLine: {'line': b'      |         \x1b[01;35m\x1b[K^~~~~~~\x1b[m\x1b[K\n'}
[8.365796] (jeffrey_controllers) StderrLine: {'line': b'\x1b[01m\x1b[K/opt/openrobots/include/pinocchio/multibody/joint/joint-composite.hpp:723:30:\x1b[m\x1b[K \x1b[01;35m\x1b[Kwarning: \x1b[m\x1b[K  \xe2\x80\x98\x1b[01m\x1b[Kstd::vector<std::__cxx11::basic_string<char> > pinocchio::JointModelCompositeTpl<double>::jointNames\x1b[m\x1b[K\xe2\x80\x99 [\x1b[01;35m\x1b[K\x1b]8;;https://gcc.gnu.org/onlinedocs/gcc/Warning-Options.html#index-Wreorder\x07-Wreorder\x1b]8;;\x07\x1b[m\x1b[K]\n'}
[8.365845] (jeffrey_controllers) StderrLine: {'line': b'  723 |     std::vector<std::string> \x1b[01;35m\x1b[KjointNames\x1b[m\x1b[K;\n'}
[8.365889] (jeffrey_controllers) StderrLine: {'line': b'      |                              \x1b[01;35m\x1b[K^~~~~~~~~~\x1b[m\x1b[K\n'}
[8.365933] (jeffrey_controllers) StderrLine: {'line': b'\x1b[01m\x1b[K/opt/openrobots/include/pinocchio/multibody/joint/joint-composite.hpp:266:5:\x1b[m\x1b[K \x1b[01;35m\x1b[Kwarning: \x1b[m\x1b[K  when initialized here [\x1b[01;35m\x1b[K\x1b]8;;https://gcc.gnu.org/onlinedocs/gcc/Warning-Options.html#index-Wreorder\x07-Wreorder\x1b]8;;\x07\x1b[m\x1b[K]\n'}
[8.365980] (jeffrey_controllers) StderrLine: {'line': b'  266 |     \x1b[01;35m\x1b[KJointModelCompositeTpl\x1b[m\x1b[K(const JointModelCompositeTpl & other)\n'}
[8.366024] (jeffrey_controllers) StderrLine: {'line': b'      |     \x1b[01;35m\x1b[K^~~~~~~~~~~~~~~~~~~~~~\x1b[m\x1b[K\n'}
[8.422144] (-) TimerEvent: {}
[8.522401] (-) TimerEvent: {}
[8.622716] (-) TimerEvent: {}
[8.723011] (-) TimerEvent: {}
[8.823264] (-) TimerEvent: {}
[8.923561] (-) TimerEvent: {}
[9.023849] (-) TimerEvent: {}
[9.124108] (-) TimerEvent: {}
[9.224366] (-) TimerEvent: {}
[9.324632] (-) TimerEvent: {}
[9.424873] (-) TimerEvent: {}
[9.525117] (-) TimerEvent: {}
[9.625360] (-) TimerEvent: {}
[9.725616] (-) TimerEvent: {}
[9.825866] (-) TimerEvent: {}
[9.926115] (-) TimerEvent: {}
[10.026378] (-) TimerEvent: {}
[10.126636] (-) TimerEvent: {}
[10.226906] (-) TimerEvent: {}
[10.327177] (-) TimerEvent: {}
[10.427421] (-) TimerEvent: {}
[10.527654] (-) TimerEvent: {}
[10.627930] (-) TimerEvent: {}
[10.728181] (-) TimerEvent: {}
[10.828427] (-) TimerEvent: {}
[10.928672] (-) TimerEvent: {}
[11.028938] (-) TimerEvent: {}
[11.129207] (-) TimerEvent: {}
[11.231648] (-) TimerEvent: {}
[11.331928] (-) TimerEvent: {}
[11.432210] (-) TimerEvent: {}
[11.532480] (-) TimerEvent: {}
[11.632753] (-) TimerEvent: {}
[11.733045] (-) TimerEvent: {}
[11.833401] (-) TimerEvent: {}
[11.933647] (-) TimerEvent: {}
[12.033888] (-) TimerEvent: {}
[12.134129] (-) TimerEvent: {}
[12.234372] (-) TimerEvent: {}
[12.334629] (-) TimerEvent: {}
[12.434877] (-) TimerEvent: {}
[12.535143] (-) TimerEvent: {}
[12.635406] (-) TimerEvent: {}
[12.735660] (-) TimerEvent: {}
[12.835961] (-) TimerEvent: {}
[12.936225] (-) TimerEvent: {}
[13.036474] (-) TimerEvent: {}
[13.068027] (jeffrey_controllers) StderrLine: {'line': b'In file included from \x1b[01m\x1b[K/opt/openrobots/include/pinocchio/algorithm/crba.hpp:58\x1b[m\x1b[K,\n'}
[13.068192] (jeffrey_controllers) StderrLine: {'line': b'                 from \x1b[01m\x1b[K/home/ros2_ws/src/jeffrey_controllers/src/dynamics_utilities.cpp:10\x1b[m\x1b[K:\n'}
[13.068249] (jeffrey_controllers) StderrLine: {'line': b'/opt/openrobots/include/pinocchio/algorithm/crba.hxx: In instantiation of \xe2\x80\x98\x1b[01m\x1b[Kstatic void pinocchio::impl::CrbaLocalConventionMimicStep<Scalar, Options, JointCollectionTpl>::\x1b[01;32m\x1b[Kalgo_impl\x1b[m\x1b[K(const pinocchio::JointModelBase<pinocchio::JointModelMimicTpl<Scalar, Options, JointCollectionTpl> >&, pinocchio::JointDataBase<typename pinocchio::JointModelMimicTpl<_Scalar, Options, JointCollectionTpl>::JointDataDerived>&, const Model&, Data&, const size_t&) \x1b[35m\x1b[K[with Scalar = double; int Options = 0; JointCollectionTpl = pinocchio::JointCollectionDefaultTpl; typename pinocchio::JointModelMimicTpl<_Scalar, Options, JointCollectionTpl>::JointDataDerived = pinocchio::JointDataMimicTpl<double>; Model = pinocchio::ModelTpl<double, 0>; Data = pinocchio::DataTpl<double, 0>; size_t = long unsigned int]\x1b[m\x1b[K\x1b[m\x1b[K\xe2\x80\x99:\n'}
[13.068307] (jeffrey_controllers) StderrLine: {'line': b'\x1b[01m\x1b[K/opt/openrobots/include/pinocchio/algorithm/crba.hxx:377:18:\x1b[m\x1b[K   required from \xe2\x80\x98\x1b[01m\x1b[Kstatic void pinocchio::impl::CrbaLocalConventionMimicStep<Scalar, Options, JointCollectionTpl>::\x1b[01;32m\x1b[Kalgo\x1b[m\x1b[K(const pinocchio::JointModelBase<OtherDerived>&, pinocchio::JointDataBase<typename JointModel::JointDataDerived>&, const Model&, Data&, const size_t&) \x1b[35m\x1b[K[with JointModel = pinocchio::JointModelMimicTpl<double>; Scalar = double; int Options = 0; JointCollectionTpl = pinocchio::JointCollectionDefaultTpl; typename JointModel::JointDataDerived = pinocchio::JointDataMimicTpl<double>; Model = pinocchio::ModelTpl<double, 0>; Data = pinocchio::DataTpl<double, 0>; size_t = long unsigned int]\x1b[m\x1b[K\x1b[m\x1b[K\xe2\x80\x99\n'}
[13.068411] (jeffrey_controllers) StderrLine: {'line': b'\x1b[01m\x1b[K/opt/openrobots/include/pinocchio/multibody/visitor/joint-unary-visitor.hpp:153:28:\x1b[m\x1b[K   required from \xe2\x80\x98\x1b[01m\x1b[KReturnType pinocchio::fusion::JointUnaryVisitorBase<JointVisitorDerived, ReturnType>::InternalVisitorModelAndData<JointModel, ArgType>::\x1b[01;32m\x1b[Koperator()\x1b[m\x1b[K(const pinocchio::JointModelBase<JointModelDerived>&) const \x1b[35m\x1b[K[with JointModelDerived = pinocchio::JointModelMimicTpl<double>; JointModel = pinocchio::JointModelTpl<double>; ArgType = boost::fusion::vector<const pinocchio::ModelTpl<double, 0, pinocchio::JointCollectionDefaultTpl>&, pinocchio::DataTpl<double, 0, pinocchio::JointCollectionDefaultTpl>&, const long unsigned int&>; JointVisitorDerived = pinocchio::impl::CrbaLocalConventionMimicStep<double, 0, pinocchio::JointCollectionDefaultTpl>; ReturnType = void]\x1b[m\x1b[K\x1b[m\x1b[K\xe2\x80\x99\n'}
[13.068462] (jeffrey_controllers) StderrLine: {'line': b'\x1b[01m\x1b[K/usr/include/boost/variant/variant.hpp:1028:24:\x1b[m\x1b[K   required from \xe2\x80\x98\x1b[01m\x1b[Ktypename boost::disable_if_c<(MoveSemantics && boost::is_same<Value2, Value2>::value), typename Visitor::result_type>::type boost::detail::variant::invoke_visitor<Visitor, MoveSemantics>::\x1b[01;32m\x1b[Kinternal_visit\x1b[m\x1b[K(T&&, int) \x1b[35m\x1b[K[with T = const pinocchio::JointModelMimicTpl<double>&; Visitor = pinocchio::fusion::JointUnaryVisitorBase<pinocchio::impl::CrbaLocalConventionMimicStep<double, 0, pinocchio::JointCollectionDefaultTpl>, void>::InternalVisitorModelAndData<pinocchio::JointModelTpl<double>, boost::fusion::vector<const pinocchio::ModelTpl<double, 0, pinocchio::JointCollectionDefaultTpl>&, pinocchio::DataTpl<double, 0, pinocchio::JointCollectionDefaultTpl>&, const long unsigned int&> >; bool MoveSemantics = false; typename boost::disable_if_c<(MoveSemantics && boost::is_same<Value2, Value2>::value), typename Visitor::result_type>::type = void; typename Visitor::result_type = void]\x1b[m\x1b[K\x1b[m\x1b[K\xe2\x80\x99\n'}
[13.068513] (jeffrey_controllers) StderrLine: {'line': b'\x1b[01m\x1b[K/usr/include/boost/variant/variant.hpp:1060:30:\x1b[m\x1b[K   required from \xe2\x80\x98\x1b[01m\x1b[Kboost::detail::variant::invoke_visitor<Visitor, MoveSemantics>::result_type boost::detail::variant::invoke_visitor<Visitor, MoveSemantics>::\x1b[01;32m\x1b[Kinternal_visit\x1b[m\x1b[K(const boost::recursive_wrapper<T>&, long int) \x1b[35m\x1b[K[with T = pinocchio::JointModelMimicTpl<double>; Visitor = pinocchio::fusion::JointUnaryVisitorBase<pinocchio::impl::CrbaLocalConventionMimicStep<double, 0, pinocchio::JointCollectionDefaultTpl>, void>::InternalVisitorModelAndData<pinocchio::JointModelTpl<double>, boost::fusion::vector<const pinocchio::ModelTpl<double, 0, pinocchio::JointCollectionDefaultTpl>&, pinocchio::DataTpl<double, 0, pinocchio::JointCollectionDefaultTpl>&, const long unsigned int&> >; bool MoveSemantics = false; result_type = void]\x1b[m\x1b[K\x1b[m\x1b[K\xe2\x80\x99\n'}
[13.068558] (jeffrey_controllers) StderrLine: {'line': b'\x1b[01m\x1b[K/usr/include/boost/variant/detail/visitation_impl.hpp:117:34:\x1b[m\x1b[K   required from \xe2\x80\x98\x1b[01m\x1b[Ktypename Visitor::result_type boost::detail::variant::\x1b[01;32m\x1b[Kvisitation_impl_invoke_impl\x1b[m\x1b[K(int, Visitor&, VoidPtrCV, T*, mpl_::true_) \x1b[35m\x1b[K[with Visitor = invoke_visitor<pinocchio::fusion::JointUnaryVisitorBase<pinocchio::impl::CrbaLocalConventionMimicStep<double, 0, pinocchio::JointCollectionDefaultTpl>, void>::InternalVisitorModelAndData<pinocchio::JointModelTpl<double>, boost::fusion::vector<const pinocchio::ModelTpl<double, 0, pinocchio::JointCollectionDefaultTpl>&, pinocchio::DataTpl<double, 0, pinocchio::JointCollectionDefaultTpl>&, const long unsigned int&> >, false>; VoidPtrCV = const void*; T = boost::recursive_wrapper<pinocchio::JointModelMimicTpl<double> >; typename Visitor::result_type = void; mpl_::true_ = mpl_::bool_<true>]\x1b[m\x1b[K\x1b[m\x1b[K\xe2\x80\x99\n'}
[13.068625] (jeffrey_controllers) StderrLine: {'line': b'\x1b[01m\x1b[K/usr/include/boost/variant/detail/visitation_impl.hpp:157:41:\x1b[m\x1b[K   [ skipping 4 instantiation contexts, use -ftemplate-backtrace-limit=0 to disable ]\n'}
[13.068674] (jeffrey_controllers) StderrLine: {'line': b'\x1b[01m\x1b[K/usr/include/boost/variant/variant.hpp:2405:44:\x1b[m\x1b[K   required from \xe2\x80\x98\x1b[01m\x1b[Ktypename Visitor::result_type boost::variant<T0, TN>::\x1b[01;32m\x1b[Kapply_visitor\x1b[m\x1b[K(Visitor&) const & \x1b[35m\x1b[K[with Visitor = pinocchio::fusion::JointUnaryVisitorBase<pinocchio::impl::CrbaLocalConventionMimicStep<double, 0, pinocchio::JointCollectionDefaultTpl>, void>::InternalVisitorModelAndData<pinocchio::JointModelTpl<double>, boost::fusion::vector<const pinocchio::ModelTpl<double, 0, pinocchio::JointCollectionDefaultTpl>&, pinocchio::DataTpl<double, 0, pinocchio::JointCollectionDefaultTpl>&, const long unsigned int&> >; T0_ = pinocchio::JointModelRevoluteTpl<double, 0, 0>; TN = {pinocchio::JointModelRevoluteTpl<double, 0, 1>, pinocchio::JointModelRevoluteTpl<double, 0, 2>, pinocchio::JointModelFreeFlyerTpl<double, 0>, pinocchio::JointModelPlanarTpl<double, 0>, pinocchio::JointModelRevoluteUnalignedTpl<double, 0>, pinocchio::JointModelSphericalTpl<double, 0>, pinocchio::JointModelSphericalZYXTpl<double, 0>, pinocchio::JointModelEllipsoidTpl<double, 0>, pinocchio::JointModelPrismaticTpl<double, 0, 0>, pinocchio::JointModelPrismaticTpl<double, 0, 1>, pinocchio::JointModelPrismaticTpl<double, 0, 2>, pinocchio::JointModelPrismaticUnalignedTpl<double, 0>, pinocchio::JointModelTranslationTpl<double, 0>, pinocchio::JointModelRevoluteUnboundedTpl<double, 0, 0>, pinocchio::JointModelRevoluteUnboundedTpl<double, 0, 1>, pinocchio::JointModelRevoluteUnboundedTpl<double, 0, 2>, pinocchio::JointModelRevoluteUnboundedUnalignedTpl<double, 0>, pinocchio::JointModelHelicalTpl<double, 0, 0>, pinocchio::JointModelHelicalTpl<double, 0, 1>, pinocchio::JointModelHelicalTpl<double, 0, 2>, pinocchio::JointModelHelicalUnalignedTpl<double, 0>, pinocchio::JointModelUniversalTpl<double, 0>, boost::recursive_wrapper<pinocchio::JointModelCompositeTpl<double, 0, pinocchio::JointCollectionDefaultTpl> >, boost::recursive_wrapper<pinocchio::JointModelMimicTpl<double, 0, pinocchio::JointCollectionDefaultTpl> >}; typename Visitor::result_type = void]\x1b[m\x1b[K\x1b[m\x1b[K\xe2\x80\x99\n'}
[13.068734] (jeffrey_controllers) StderrLine: {'line': b'\x1b[01m\x1b[K/usr/include/boost/variant/detail/apply_visitor_unary.hpp:48:64:\x1b[m\x1b[K   required from \xe2\x80\x98\x1b[01m\x1b[Ktypename Visitor::result_type boost::\x1b[01;32m\x1b[Kapply_visitor\x1b[m\x1b[K(Visitor&, Visitable&&) \x1b[35m\x1b[K[with Visitor = pinocchio::fusion::JointUnaryVisitorBase<pinocchio::impl::CrbaLocalConventionMimicStep<double, 0, pinocchio::JointCollectionDefaultTpl>, void>::InternalVisitorModelAndData<pinocchio::JointModelTpl<double>, fusion::vector<const pinocchio::ModelTpl<double, 0, pinocchio::JointCollectionDefaultTpl>&, pinocchio::DataTpl<double, 0, pinocchio::JointCollectionDefaultTpl>&, const long unsigned int&> >; Visitable = const pinocchio::JointModelTpl<double>&; typename Visitor::result_type = void]\x1b[m\x1b[K\x1b[m\x1b[K\xe2\x80\x99\n'}
[13.068782] (jeffrey_controllers) StderrLine: {'line': b'\x1b[01m\x1b[K/opt/openrobots/include/pinocchio/multibody/visitor/joint-unary-visitor.hpp:40:36:\x1b[m\x1b[K   required from \xe2\x80\x98\x1b[01m\x1b[Kstatic ReturnType pinocchio::fusion::JointUnaryVisitorBase<JointVisitorDerived, ReturnType>::\x1b[01;32m\x1b[Krun\x1b[m\x1b[K(const pinocchio::JointModelTpl<Scalar, Options, JointCollectionTpl>&, pinocchio::JointDataTpl<Scalar, Options, JointCollectionTpl>&, ArgsTmp) \x1b[35m\x1b[K[with Scalar = double; int Options = 0; JointCollectionTpl = pinocchio::JointCollectionDefaultTpl; ArgsTmp = boost::fusion::vector<const pinocchio::ModelTpl<double, 0, pinocchio::JointCollectionDefaultTpl>&, pinocchio::DataTpl<double, 0, pinocchio::JointCollectionDefaultTpl>&, const long unsigned int&>; JointVisitorDerived = pinocchio::impl::CrbaLocalConventionMimicStep<double, 0, pinocchio::JointCollectionDefaultTpl>; ReturnType = void]\x1b[m\x1b[K\x1b[m\x1b[K\xe2\x80\x99\n'}
[13.068831] (jeffrey_controllers) StderrLine: {'line': b'\x1b[01m\x1b[K/opt/openrobots/include/pinocchio/algorithm/crba.hxx:492:19:\x1b[m\x1b[K   required from \xe2\x80\x98\x1b[01m\x1b[Kconst typename pinocchio::DataTpl<_Scalar, _Options, JointCollectionTpl>::MatrixXs& pinocchio::impl::\x1b[01;32m\x1b[KcrbaLocalConvention\x1b[m\x1b[K(const pinocchio::ModelTpl<_Scalar, _Options, JointCollectionTpl>&, pinocchio::DataTpl<Scalar, Options, JointCollectionTpl>&, const Eigen::MatrixBase<Matrix3Like>&) \x1b[35m\x1b[K[with Scalar = double; int Options = 0; JointCollectionTpl = pinocchio::JointCollectionDefaultTpl; ConfigVectorType = Eigen::Ref<const Eigen::Matrix<double, -1, 1>, 0, Eigen::InnerStride<1> >; typename pinocchio::DataTpl<_Scalar, _Options, JointCollectionTpl>::MatrixXs = Eigen::Matrix<double, -1, -1>]\x1b[m\x1b[K\x1b[m\x1b[K\xe2\x80\x99\n'}
[13.068878] (jeffrey_controllers) StderrLine: {'line': b'\x1b[01m\x1b[K/opt/openrobots/include/pinocchio/algorithm/crba.hxx:621:52:\x1b[m\x1b[K   required from \xe2\x80\x98\x1b[01m\x1b[Kconst typename pinocchio::DataTpl<_Scalar, _Options, JointCollectionTpl>::MatrixXs& pinocchio::\x1b[01;32m\x1b[Kcrba\x1b[m\x1b[K(const ModelTpl<_Scalar, _Options, JointCollectionTpl>&, DataTpl<Scalar, Options, JointCollectionTpl>&, const Eigen::MatrixBase<Matrix3Like>&, Convention) \x1b[35m\x1b[K[with Scalar = double; int Options = 0; JointCollectionTpl = JointCollectionDefaultTpl; ConfigVectorType = Eigen::Matrix<double, -1, 1>; typename DataTpl<_Scalar, _Options, JointCollectionTpl>::MatrixXs = Eigen::Matrix<double, -1, -1>]\x1b[m\x1b[K\x1b[m\x1b[K\xe2\x80\x99\n'}
[13.068929] (jeffrey_controllers) StderrLine: {'line': b'\x1b[01m\x1b[K/home/ros2_ws/src/jeffrey_controllers/src/dynamics_utilities.cpp:126:42:\x1b[m\x1b[K   required from here\n'}
[13.068973] (jeffrey_controllers) StderrLine: {'line': b'\x1b[01m\x1b[K/opt/openrobots/include/pinocchio/algorithm/crba.hxx:400:28:\x1b[m\x1b[K \x1b[01;35m\x1b[Kwarning: \x1b[m\x1b[Kunused variable \xe2\x80\x98\x1b[01m\x1b[Kmimicked_id\x1b[m\x1b[K\xe2\x80\x99 [\x1b[01;35m\x1b[K\x1b]8;;https://gcc.gnu.org/onlinedocs/gcc/Warning-Options.html#index-Wunused-variable\x07-Wunused-variable\x1b]8;;\x07\x1b[m\x1b[K]\n'}
[13.069021] (jeffrey_controllers) StderrLine: {'line': b'  400 |         const JointIndex & \x1b[01;35m\x1b[Kmimicked_id\x1b[m\x1b[K = jmodel.derived().jmodel().id();\n'}
[13.069066] (jeffrey_controllers) StderrLine: {'line': b'      |                            \x1b[01;35m\x1b[K^~~~~~~~~~~\x1b[m\x1b[K\n'}
[13.099623] (jeffrey_controllers) StderrLine: {'line': b'In file included from \x1b[01m\x1b[K/opt/openrobots/include/pinocchio/algorithm/crba.hpp:58\x1b[m\x1b[K,\n'}
[13.099775] (jeffrey_controllers) StderrLine: {'line': b'                 from \x1b[01m\x1b[K/home/ros2_ws/src/jeffrey_controllers/src/dynamics_utilities.cpp:10\x1b[m\x1b[K:\n'}
[13.099830] (jeffrey_controllers) StderrLine: {'line': b'/opt/openrobots/include/pinocchio/algorithm/crba.hxx: In instantiation of \xe2\x80\x98\x1b[01m\x1b[Kstatic void pinocchio::impl::CrbaLocalConventionMimicStep<Scalar, Options, JointCollectionTpl>::\x1b[01;32m\x1b[Kalgo_impl\x1b[m\x1b[K(const pinocchio::JointModelBase<pinocchio::JointModelMimicTpl<Scalar, Options, JointCollectionTpl> >&, pinocchio::JointDataBase<typename pinocchio::JointModelMimicTpl<_Scalar, Options, JointCollectionTpl>::JointDataDerived>&, const Model&, Data&, const size_t&) \x1b[35m\x1b[K[with Scalar = double; int Options = 0; JointCollectionTpl = pinocchio::JointCollectionDefaultTpl; typename pinocchio::JointModelMimicTpl<_Scalar, Options, JointCollectionTpl>::JointDataDerived = pinocchio::JointDataMimicTpl<double>; Model = pinocchio::ModelTpl<double, 0>; Data = pinocchio::DataTpl<double, 0>; size_t = long unsigned int]\x1b[m\x1b[K\x1b[m\x1b[K\xe2\x80\x99:\n'}
[13.099896] (jeffrey_controllers) StderrLine: {'line': b'\x1b[01m\x1b[K/opt/openrobots/include/pinocchio/algorithm/crba.hxx:377:18:\x1b[m\x1b[K   required from \xe2\x80\x98\x1b[01m\x1b[Kstatic void pinocchio::impl::CrbaLocalConventionMimicStep<Scalar, Options, JointCollectionTpl>::\x1b[01;32m\x1b[Kalgo\x1b[m\x1b[K(const pinocchio::JointModelBase<OtherDerived>&, pinocchio::JointDataBase<typename JointModel::JointDataDerived>&, const Model&, Data&, const size_t&) \x1b[35m\x1b[K[with JointModel = pinocchio::JointModelMimicTpl<double>; Scalar = double; int Options = 0; JointCollectionTpl = pinocchio::JointCollectionDefaultTpl; typename JointModel::JointDataDerived = pinocchio::JointDataMimicTpl<double>; Model = pinocchio::ModelTpl<double, 0>; Data = pinocchio::DataTpl<double, 0>; size_t = long unsigned int]\x1b[m\x1b[K\x1b[m\x1b[K\xe2\x80\x99\n'}
[13.099947] (jeffrey_controllers) StderrLine: {'line': b'\x1b[01m\x1b[K/opt/openrobots/include/pinocchio/multibody/visitor/joint-unary-visitor.hpp:153:28:\x1b[m\x1b[K   required from \xe2\x80\x98\x1b[01m\x1b[KReturnType pinocchio::fusion::JointUnaryVisitorBase<JointVisitorDerived, ReturnType>::InternalVisitorModelAndData<JointModel, ArgType>::\x1b[01;32m\x1b[Koperator()\x1b[m\x1b[K(const pinocchio::JointModelBase<JointModelDerived>&) const \x1b[35m\x1b[K[with JointModelDerived = pinocchio::JointModelMimicTpl<double>; JointModel = pinocchio::JointModelTpl<double>; ArgType = boost::fusion::vector<const pinocchio::ModelTpl<double, 0, pinocchio::JointCollectionDefaultTpl>&, pinocchio::DataTpl<double, 0, pinocchio::JointCollectionDefaultTpl>&, const long unsigned int&>; JointVisitorDerived = pinocchio::impl::CrbaLocalConventionMimicStep<double, 0, pinocchio::JointCollectionDefaultTpl>; ReturnType = void]\x1b[m\x1b[K\x1b[m\x1b[K\xe2\x80\x99\n'}
[13.099997] (jeffrey_controllers) StderrLine: {'line': b'\x1b[01m\x1b[K/usr/include/boost/variant/variant.hpp:1028:24:\x1b[m\x1b[K   required from \xe2\x80\x98\x1b[01m\x1b[Ktypename boost::disable_if_c<(MoveSemantics && boost::is_same<Value2, Value2>::value), typename Visitor::result_type>::type boost::detail::variant::invoke_visitor<Visitor, MoveSemantics>::\x1b[01;32m\x1b[Kinternal_visit\x1b[m\x1b[K(T&&, int) \x1b[35m\x1b[K[with T = const pinocchio::JointModelMimicTpl<double>&; Visitor = pinocchio::fusion::JointUnaryVisitorBase<pinocchio::impl::CrbaLocalConventionMimicStep<double, 0, pinocchio::JointCollectionDefaultTpl>, void>::InternalVisitorModelAndData<pinocchio::JointModelTpl<double>, boost::fusion::vector<const pinocchio::ModelTpl<double, 0, pinocchio::JointCollectionDefaultTpl>&, pinocchio::DataTpl<double, 0, pinocchio::JointCollectionDefaultTpl>&, const long unsigned int&> >; bool MoveSemantics = false; typename boost::disable_if_c<(MoveSemantics && boost::is_same<Value2, Value2>::value), typename Visitor::result_type>::type = void; typename Visitor::result_type = void]\x1b[m\x1b[K\x1b[m\x1b[K\xe2\x80\x99\n'}
[13.100051] (jeffrey_controllers) StderrLine: {'line': b'\x1b[01m\x1b[K/usr/include/boost/variant/variant.hpp:1060:30:\x1b[m\x1b[K   required from \xe2\x80\x98\x1b[01m\x1b[Kboost::detail::variant::invoke_visitor<Visitor, MoveSemantics>::result_type boost::detail::variant::invoke_visitor<Visitor, MoveSemantics>::\x1b[01;32m\x1b[Kinternal_visit\x1b[m\x1b[K(const boost::recursive_wrapper<T>&, long int) \x1b[35m\x1b[K[with T = pinocchio::JointModelMimicTpl<double>; Visitor = pinocchio::fusion::JointUnaryVisitorBase<pinocchio::impl::CrbaLocalConventionMimicStep<double, 0, pinocchio::JointCollectionDefaultTpl>, void>::InternalVisitorModelAndData<pinocchio::JointModelTpl<double>, boost::fusion::vector<const pinocchio::ModelTpl<double, 0, pinocchio::JointCollectionDefaultTpl>&, pinocchio::DataTpl<double, 0, pinocchio::JointCollectionDefaultTpl>&, const long unsigned int&> >; bool MoveSemantics = false; result_type = void]\x1b[m\x1b[K\x1b[m\x1b[K\xe2\x80\x99\n'}
[13.100098] (jeffrey_controllers) StderrLine: {'line': b'\x1b[01m\x1b[K/usr/include/boost/variant/detail/visitation_impl.hpp:117:34:\x1b[m\x1b[K   required from \xe2\x80\x98\x1b[01m\x1b[Ktypename Visitor::result_type boost::detail::variant::\x1b[01;32m\x1b[Kvisitation_impl_invoke_impl\x1b[m\x1b[K(int, Visitor&, VoidPtrCV, T*, mpl_::true_) \x1b[35m\x1b[K[with Visitor = invoke_visitor<pinocchio::fusion::JointUnaryVisitorBase<pinocchio::impl::CrbaLocalConventionMimicStep<double, 0, pinocchio::JointCollectionDefaultTpl>, void>::InternalVisitorModelAndData<pinocchio::JointModelTpl<double>, boost::fusion::vector<const pinocchio::ModelTpl<double, 0, pinocchio::JointCollectionDefaultTpl>&, pinocchio::DataTpl<double, 0, pinocchio::JointCollectionDefaultTpl>&, const long unsigned int&> >, false>; VoidPtrCV = const void*; T = boost::recursive_wrapper<pinocchio::JointModelMimicTpl<double> >; typename Visitor::result_type = void; mpl_::true_ = mpl_::bool_<true>]\x1b[m\x1b[K\x1b[m\x1b[K\xe2\x80\x99\n'}
[13.100165] (jeffrey_controllers) StderrLine: {'line': b'\x1b[01m\x1b[K/usr/include/boost/variant/detail/visitation_impl.hpp:157:41:\x1b[m\x1b[K   [ skipping 4 instantiation contexts, use -ftemplate-backtrace-limit=0 to disable ]\n'}
[13.100230] (jeffrey_controllers) StderrLine: {'line': b'\x1b[01m\x1b[K/usr/include/boost/variant/variant.hpp:2405:44:\x1b[m\x1b[K   required from \xe2\x80\x98\x1b[01m\x1b[Ktypename Visitor::result_type boost::variant<T0, TN>::\x1b[01;32m\x1b[Kapply_visitor\x1b[m\x1b[K(Visitor&) const & \x1b[35m\x1b[K[with Visitor = pinocchio::fusion::JointUnaryVisitorBase<pinocchio::impl::CrbaLocalConventionMimicStep<double, 0, pinocchio::JointCollectionDefaultTpl>, void>::InternalVisitorModelAndData<pinocchio::JointModelTpl<double>, boost::fusion::vector<const pinocchio::ModelTpl<double, 0, pinocchio::JointCollectionDefaultTpl>&, pinocchio::DataTpl<double, 0, pinocchio::JointCollectionDefaultTpl>&, const long unsigned int&> >; T0_ = pinocchio::JointModelRevoluteTpl<double, 0, 0>; TN = {pinocchio::JointModelRevoluteTpl<double, 0, 1>, pinocchio::JointModelRevoluteTpl<double, 0, 2>, pinocchio::JointModelFreeFlyerTpl<double, 0>, pinocchio::JointModelPlanarTpl<double, 0>, pinocchio::JointModelRevoluteUnalignedTpl<double, 0>, pinocchio::JointModelSphericalTpl<double, 0>, pinocchio::JointModelSphericalZYXTpl<double, 0>, pinocchio::JointModelEllipsoidTpl<double, 0>, pinocchio::JointModelPrismaticTpl<double, 0, 0>, pinocchio::JointModelPrismaticTpl<double, 0, 1>, pinocchio::JointModelPrismaticTpl<double, 0, 2>, pinocchio::JointModelPrismaticUnalignedTpl<double, 0>, pinocchio::JointModelTranslationTpl<double, 0>, pinocchio::JointModelRevoluteUnboundedTpl<double, 0, 0>, pinocchio::JointModelRevoluteUnboundedTpl<double, 0, 1>, pinocchio::JointModelRevoluteUnboundedTpl<double, 0, 2>, pinocchio::JointModelRevoluteUnboundedUnalignedTpl<double, 0>, pinocchio::JointModelHelicalTpl<double, 0, 0>, pinocchio::JointModelHelicalTpl<double, 0, 1>, pinocchio::JointModelHelicalTpl<double, 0, 2>, pinocchio::JointModelHelicalUnalignedTpl<double, 0>, pinocchio::JointModelUniversalTpl<double, 0>, boost::recursive_wrapper<pinocchio::JointModelCompositeTpl<double, 0, pinocchio::JointCollectionDefaultTpl> >, boost::recursive_wrapper<pinocchio::JointModelMimicTpl<double, 0, pinocchio::JointCollectionDefaultTpl> >}; typename Visitor::result_type = void]\x1b[m\x1b[K\x1b[m\x1b[K\xe2\x80\x99\n'}
[13.100292] (jeffrey_controllers) StderrLine: {'line': b'\x1b[01m\x1b[K/usr/include/boost/variant/detail/apply_visitor_unary.hpp:48:64:\x1b[m\x1b[K   required from \xe2\x80\x98\x1b[01m\x1b[Ktypename Visitor::result_type boost::\x1b[01;32m\x1b[Kapply_visitor\x1b[m\x1b[K(Visitor&, Visitable&&) \x1b[35m\x1b[K[with Visitor = pinocchio::fusion::JointUnaryVisitorBase<pinocchio::impl::CrbaLocalConventionMimicStep<double, 0, pinocchio::JointCollectionDefaultTpl>, void>::InternalVisitorModelAndData<pinocchio::JointModelTpl<double>, fusion::vector<const pinocchio::ModelTpl<double, 0, pinocchio::JointCollectionDefaultTpl>&, pinocchio::DataTpl<double, 0, pinocchio::JointCollectionDefaultTpl>&, const long unsigned int&> >; Visitable = const pinocchio::JointModelTpl<double>&; typename Visitor::result_type = void]\x1b[m\x1b[K\x1b[m\x1b[K\xe2\x80\x99\n'}
[13.100355] (jeffrey_controllers) StderrLine: {'line': b'\x1b[01m\x1b[K/opt/openrobots/include/pinocchio/multibody/visitor/joint-unary-visitor.hpp:40:36:\x1b[m\x1b[K   required from \xe2\x80\x98\x1b[01m\x1b[Kstatic ReturnType pinocchio::fusion::JointUnaryVisitorBase<JointVisitorDerived, ReturnType>::\x1b[01;32m\x1b[Krun\x1b[m\x1b[K(const pinocchio::JointModelTpl<Scalar, Options, JointCollectionTpl>&, pinocchio::JointDataTpl<Scalar, Options, JointCollectionTpl>&, ArgsTmp) \x1b[35m\x1b[K[with Scalar = double; int Options = 0; JointCollectionTpl = pinocchio::JointCollectionDefaultTpl; ArgsTmp = boost::fusion::vector<const pinocchio::ModelTpl<double, 0, pinocchio::JointCollectionDefaultTpl>&, pinocchio::DataTpl<double, 0, pinocchio::JointCollectionDefaultTpl>&, const long unsigned int&>; JointVisitorDerived = pinocchio::impl::CrbaLocalConventionMimicStep<double, 0, pinocchio::JointCollectionDefaultTpl>; ReturnType = void]\x1b[m\x1b[K\x1b[m\x1b[K\xe2\x80\x99\n'}
[13.100425] (jeffrey_controllers) StderrLine: {'line': b'\x1b[01m\x1b[K/opt/openrobots/include/pinocchio/algorithm/crba.hxx:492:19:\x1b[m\x1b[K   required from \xe2\x80\x98\x1b[01m\x1b[Kconst typename pinocchio::DataTpl<_Scalar, _Options, JointCollectionTpl>::MatrixXs& pinocchio::impl::\x1b[01;32m\x1b[KcrbaLocalConvention\x1b[m\x1b[K(const pinocchio::ModelTpl<_Scalar, _Options, JointCollectionTpl>&, pinocchio::DataTpl<Scalar, Options, JointCollectionTpl>&, const Eigen::MatrixBase<Matrix3Like>&) \x1b[35m\x1b[K[with Scalar = double; int Options = 0; JointCollectionTpl = pinocchio::JointCollectionDefaultTpl; ConfigVectorType = Eigen::Ref<const Eigen::Matrix<double, -1, 1>, 0, Eigen::InnerStride<1> >; typename pinocchio::DataTpl<_Scalar, _Options, JointCollectionTpl>::MatrixXs = Eigen::Matrix<double, -1, -1>]\x1b[m\x1b[K\x1b[m\x1b[K\xe2\x80\x99\n'}
[13.100485] (jeffrey_controllers) StderrLine: {'line': b'\x1b[01m\x1b[K/opt/openrobots/include/pinocchio/algorithm/crba.hxx:621:52:\x1b[m\x1b[K   required from \xe2\x80\x98\x1b[01m\x1b[Kconst typename pinocchio::DataTpl<_Scalar, _Options, JointCollectionTpl>::MatrixXs& pinocchio::\x1b[01;32m\x1b[Kcrba\x1b[m\x1b[K(const ModelTpl<_Scalar, _Options, JointCollectionTpl>&, DataTpl<Scalar, Options, JointCollectionTpl>&, const Eigen::MatrixBase<Matrix3Like>&, Convention) \x1b[35m\x1b[K[with Scalar = double; int Options = 0; JointCollectionTpl = JointCollectionDefaultTpl; ConfigVectorType = Eigen::Matrix<double, -1, 1>; typename DataTpl<_Scalar, _Options, JointCollectionTpl>::MatrixXs = Eigen::Matrix<double, -1, -1>]\x1b[m\x1b[K\x1b[m\x1b[K\xe2\x80\x99\n'}
[13.100531] (jeffrey_controllers) StderrLine: {'line': b'\x1b[01m\x1b[K/home/ros2_ws/src/jeffrey_controllers/src/dynamics_utilities.cpp:126:42:\x1b[m\x1b[K   required from here\n'}
[13.100597] (jeffrey_controllers) StderrLine: {'line': b'\x1b[01m\x1b[K/opt/openrobots/include/pinocchio/algorithm/crba.hxx:400:28:\x1b[m\x1b[K \x1b[01;35m\x1b[Kwarning: \x1b[m\x1b[Kunused variable \xe2\x80\x98\x1b[01m\x1b[Kmimicked_id\x1b[m\x1b[K\xe2\x80\x99 [\x1b[01;35m\x1b[K\x1b]8;;https://gcc.gnu.org/onlinedocs/gcc/Warning-Options.html#index-Wunused-variable\x07-Wunused-variable\x1b]8;;\x07\x1b[m\x1b[K]\n'}
[13.100653] (jeffrey_controllers) StderrLine: {'line': b'  400 |         const JointIndex & \x1b[01;35m\x1b[Kmimicked_id\x1b[m\x1b[K = jmodel.derived().jmodel().id();\n'}
[13.100696] (jeffrey_controllers) StderrLine: {'line': b'      |                            \x1b[01;35m\x1b[K^~~~~~~~~~~\x1b[m\x1b[K\n'}
[13.117852] (jeffrey_controllers) StderrLine: {'line': b'/opt/openrobots/include/pinocchio/algorithm/crba.hxx: In instantiation of \xe2\x80\x98\x1b[01m\x1b[Kstatic void pinocchio::impl::CrbaWorldConventionMimicStep<Scalar, Options, JointCollectionTpl>::\x1b[01;32m\x1b[Kalgo_impl\x1b[m\x1b[K(const pinocchio::JointModelBase<pinocchio::JointModelMimicTpl<Scalar, Options, JointCollectionTpl> >&, const Model&, Data&, const size_t&) \x1b[35m\x1b[K[with Scalar = double; int Options = 0; JointCollectionTpl = pinocchio::JointCollectionDefaultTpl; Model = pinocchio::ModelTpl<double, 0>; Data = pinocchio::DataTpl<double, 0>; size_t = long unsigned int]\x1b[m\x1b[K\x1b[m\x1b[K\xe2\x80\x99:\n'}
[13.118111] (jeffrey_controllers) StderrLine: {'line': b'\x1b[01m\x1b[K/opt/openrobots/include/pinocchio/algorithm/crba.hxx:141:18:\x1b[m\x1b[K   required from \xe2\x80\x98\x1b[01m\x1b[Kstatic void pinocchio::impl::CrbaWorldConventionMimicStep<Scalar, Options, JointCollectionTpl>::\x1b[01;32m\x1b[Kalgo\x1b[m\x1b[K(const pinocchio::JointModelBase<OtherDerived>&, const Model&, Data&, const size_t&) \x1b[35m\x1b[K[with JointModel = pinocchio::JointModelMimicTpl<double>; Scalar = double; int Options = 0; JointCollectionTpl = pinocchio::JointCollectionDefaultTpl; Model = pinocchio::ModelTpl<double, 0>; Data = pinocchio::DataTpl<double, 0>; size_t = long unsigned int]\x1b[m\x1b[K\x1b[m\x1b[K\xe2\x80\x99\n'}
[13.118179] (jeffrey_controllers) StderrLine: {'line': b'\x1b[01m\x1b[K/opt/openrobots/include/pinocchio/multibody/visitor/joint-unary-visitor.hpp:207:28:\x1b[m\x1b[K   required from \xe2\x80\x98\x1b[01m\x1b[KReturnType pinocchio::fusion::JointUnaryVisitorBase<JointVisitorDerived, ReturnType>::InternalVisitorModel<ArgType, Dummy>::\x1b[01;32m\x1b[Koperator()\x1b[m\x1b[K(const pinocchio::JointModelBase<JointModelDerived>&) const \x1b[35m\x1b[K[with JointModelDerived = pinocchio::JointModelMimicTpl<double>; ArgType = boost::fusion::vector<const pinocchio::ModelTpl<double, 0, pinocchio::JointCollectionDefaultTpl>&, pinocchio::DataTpl<double, 0, pinocchio::JointCollectionDefaultTpl>&, const long unsigned int&>; Dummy = void; JointVisitorDerived = pinocchio::impl::CrbaWorldConventionMimicStep<double, 0, pinocchio::JointCollectionDefaultTpl>; ReturnType = void]\x1b[m\x1b[K\x1b[m\x1b[K\xe2\x80\x99\n'}
[13.118237] (jeffrey_controllers) StderrLine: {'line': b'\x1b[01m\x1b[K/usr/include/boost/variant/variant.hpp:1028:24:\x1b[m\x1b[K   required from \xe2\x80\x98\x1b[01m\x1b[Ktypename boost::disable_if_c<(MoveSemantics && boost::is_same<Value2, Value2>::value), typename Visitor::result_type>::type boost::detail::variant::invoke_visitor<Visitor, MoveSemantics>::\x1b[01;32m\x1b[Kinternal_visit\x1b[m\x1b[K(T&&, int) \x1b[35m\x1b[K[with T = const pinocchio::JointModelMimicTpl<double>&; Visitor = pinocchio::fusion::JointUnaryVisitorBase<pinocchio::impl::CrbaWorldConventionMimicStep<double, 0, pinocchio::JointCollectionDefaultTpl>, void>::InternalVisitorModel<boost::fusion::vector<const pinocchio::ModelTpl<double, 0, pinocchio::JointCollectionDefaultTpl>&, pinocchio::DataTpl<double, 0, pinocchio::JointCollectionDefaultTpl>&, const long unsigned int&>, void>; bool MoveSemantics = false; typename boost::disable_if_c<(MoveSemantics && boost::is_same<Value2, Value2>::value), typename Visitor::result_type>::type = void; typename Visitor::result_type = void]\x1b[m\x1b[K\x1b[m\x1b[K\xe2\x80\x99\n'}
[13.118351] (jeffrey_controllers) StderrLine: {'line': b'\x1b[01m\x1b[K/usr/include/boost/variant/variant.hpp:1060:30:\x1b[m\x1b[K   required from \xe2\x80\x98\x1b[01m\x1b[Kboost::detail::variant::invoke_visitor<Visitor, MoveSemantics>::result_type boost::detail::variant::invoke_visitor<Visitor, MoveSemantics>::\x1b[01;32m\x1b[Kinternal_visit\x1b[m\x1b[K(const boost::recursive_wrapper<T>&, long int) \x1b[35m\x1b[K[with T = pinocchio::JointModelMimicTpl<double>; Visitor = pinocchio::fusion::JointUnaryVisitorBase<pinocchio::impl::CrbaWorldConventionMimicStep<double, 0, pinocchio::JointCollectionDefaultTpl>, void>::InternalVisitorModel<boost::fusion::vector<const pinocchio::ModelTpl<double, 0, pinocchio::JointCollectionDefaultTpl>&, pinocchio::DataTpl<double, 0, pinocchio::JointCollectionDefaultTpl>&, const long unsigned int&>, void>; bool MoveSemantics = false; result_type = void]\x1b[m\x1b[K\x1b[m\x1b[K\xe2\x80\x99\n'}
[13.118415] (jeffrey_controllers) StderrLine: {'line': b'\x1b[01m\x1b[K/usr/include/boost/variant/detail/visitation_impl.hpp:117:34:\x1b[m\x1b[K   required from \xe2\x80\x98\x1b[01m\x1b[Ktypename Visitor::result_type boost::detail::variant::\x1b[01;32m\x1b[Kvisitation_impl_invoke_impl\x1b[m\x1b[K(int, Visitor&, VoidPtrCV, T*, mpl_::true_) \x1b[35m\x1b[K[with Visitor = invoke_visitor<pinocchio::fusion::JointUnaryVisitorBase<pinocchio::impl::CrbaWorldConventionMimicStep<double, 0, pinocchio::JointCollectionDefaultTpl>, void>::InternalVisitorModel<boost::fusion::vector<const pinocchio::ModelTpl<double, 0, pinocchio::JointCollectionDefaultTpl>&, pinocchio::DataTpl<double, 0, pinocchio::JointCollectionDefaultTpl>&, const long unsigned int&>, void>, false>; VoidPtrCV = const void*; T = boost::recursive_wrapper<pinocchio::JointModelMimicTpl<double> >; typename Visitor::result_type = void; mpl_::true_ = mpl_::bool_<true>]\x1b[m\x1b[K\x1b[m\x1b[K\xe2\x80\x99\n'}
[13.118477] (jeffrey_controllers) StderrLine: {'line': b'\x1b[01m\x1b[K/usr/include/boost/variant/detail/visitation_impl.hpp:157:41:\x1b[m\x1b[K   [ skipping 4 instantiation contexts, use -ftemplate-backtrace-limit=0 to disable ]\n'}
[13.118527] (jeffrey_controllers) StderrLine: {'line': b'\x1b[01m\x1b[K/usr/include/boost/variant/variant.hpp:2405:44:\x1b[m\x1b[K   required from \xe2\x80\x98\x1b[01m\x1b[Ktypename Visitor::result_type boost::variant<T0, TN>::\x1b[01;32m\x1b[Kapply_visitor\x1b[m\x1b[K(Visitor&) const & \x1b[35m\x1b[K[with Visitor = pinocchio::fusion::JointUnaryVisitorBase<pinocchio::impl::CrbaWorldConventionMimicStep<double, 0, pinocchio::JointCollectionDefaultTpl>, void>::InternalVisitorModel<boost::fusion::vector<const pinocchio::ModelTpl<double, 0, pinocchio::JointCollectionDefaultTpl>&, pinocchio::DataTpl<double, 0, pinocchio::JointCollectionDefaultTpl>&, const long unsigned int&>, void>; T0_ = pinocchio::JointModelRevoluteTpl<double, 0, 0>; TN = {pinocchio::JointModelRevoluteTpl<double, 0, 1>, pinocchio::JointModelRevoluteTpl<double, 0, 2>, pinocchio::JointModelFreeFlyerTpl<double, 0>, pinocchio::JointModelPlanarTpl<double, 0>, pinocchio::JointModelRevoluteUnalignedTpl<double, 0>, pinocchio::JointModelSphericalTpl<double, 0>, pinocchio::JointModelSphericalZYXTpl<double, 0>, pinocchio::JointModelEllipsoidTpl<double, 0>, pinocchio::JointModelPrismaticTpl<double, 0, 0>, pinocchio::JointModelPrismaticTpl<double, 0, 1>, pinocchio::JointModelPrismaticTpl<double, 0, 2>, pinocchio::JointModelPrismaticUnalignedTpl<double, 0>, pinocchio::JointModelTranslationTpl<double, 0>, pinocchio::JointModelRevoluteUnboundedTpl<double, 0, 0>, pinocchio::JointModelRevoluteUnboundedTpl<double, 0, 1>, pinocchio::JointModelRevoluteUnboundedTpl<double, 0, 2>, pinocchio::JointModelRevoluteUnboundedUnalignedTpl<double, 0>, pinocchio::JointModelHelicalTpl<double, 0, 0>, pinocchio::JointModelHelicalTpl<double, 0, 1>, pinocchio::JointModelHelicalTpl<double, 0, 2>, pinocchio::JointModelHelicalUnalignedTpl<double, 0>, pinocchio::JointModelUniversalTpl<double, 0>, boost::recursive_wrapper<pinocchio::JointModelCompositeTpl<double, 0, pinocchio::JointCollectionDefaultTpl> >, boost::recursive_wrapper<pinocchio::JointModelMimicTpl<double, 0, pinocchio::JointCollectionDefaultTpl> >}; typename Visitor::result_type = void]\x1b[m\x1b[K\x1b[m\x1b[K\xe2\x80\x99\n'}
[13.118587] (jeffrey_controllers) StderrLine: {'line': b'\x1b[01m\x1b[K/usr/include/boost/variant/detail/apply_visitor_unary.hpp:48:64:\x1b[m\x1b[K   required from \xe2\x80\x98\x1b[01m\x1b[Ktypename Visitor::result_type boost::\x1b[01;32m\x1b[Kapply_visitor\x1b[m\x1b[K(Visitor&, Visitable&&) \x1b[35m\x1b[K[with Visitor = pinocchio::fusion::JointUnaryVisitorBase<pinocchio::impl::CrbaWorldConventionMimicStep<double, 0, pinocchio::JointCollectionDefaultTpl>, void>::InternalVisitorModel<fusion::vector<const pinocchio::ModelTpl<double, 0, pinocchio::JointCollectionDefaultTpl>&, pinocchio::DataTpl<double, 0, pinocchio::JointCollectionDefaultTpl>&, const long unsigned int&>, void>; Visitable = const pinocchio::JointModelTpl<double>&; typename Visitor::result_type = void]\x1b[m\x1b[K\x1b[m\x1b[K\xe2\x80\x99\n'}
[13.118645] (jeffrey_controllers) StderrLine: {'line': b'\x1b[01m\x1b[K/opt/openrobots/include/pinocchio/multibody/visitor/joint-unary-visitor.hpp:81:36:\x1b[m\x1b[K   required from \xe2\x80\x98\x1b[01m\x1b[Kstatic ReturnType pinocchio::fusion::JointUnaryVisitorBase<JointVisitorDerived, ReturnType>::\x1b[01;32m\x1b[Krun\x1b[m\x1b[K(const pinocchio::JointModelTpl<Scalar, Options, JointCollectionTpl>&, ArgsTmp) \x1b[35m\x1b[K[with Scalar = double; int Options = 0; JointCollectionTpl = pinocchio::JointCollectionDefaultTpl; ArgsTmp = boost::fusion::vector<const pinocchio::ModelTpl<double, 0, pinocchio::JointCollectionDefaultTpl>&, pinocchio::DataTpl<double, 0, pinocchio::JointCollectionDefaultTpl>&, const long unsigned int&>; JointVisitorDerived = pinocchio::impl::CrbaWorldConventionMimicStep<double, 0, pinocchio::JointCollectionDefaultTpl>; ReturnType = void]\x1b[m\x1b[K\x1b[m\x1b[K\xe2\x80\x99\n'}
[13.118696] (jeffrey_controllers) StderrLine: {'line': b'\x1b[01m\x1b[K/opt/openrobots/include/pinocchio/algorithm/crba.hxx:537:19:\x1b[m\x1b[K   required from \xe2\x80\x98\x1b[01m\x1b[Kconst typename pinocchio::DataTpl<_Scalar, _Options, JointCollectionTpl>::MatrixXs& pinocchio::impl::\x1b[01;32m\x1b[KcrbaWorldConvention\x1b[m\x1b[K(const pinocchio::ModelTpl<_Scalar, _Options, JointCollectionTpl>&, pinocchio::DataTpl<Scalar, Options, JointCollectionTpl>&, const Eigen::MatrixBase<Matrix3Like>&) \x1b[35m\x1b[K[with Scalar = double; int Options = 0; JointCollectionTpl = pinocchio::JointCollectionDefaultTpl; ConfigVectorType = Eigen::Ref<const Eigen::Matrix<double, -1, 1>, 0, Eigen::InnerStride<1> >; typename pinocchio::DataTpl<_Scalar, _Options, JointCollectionTpl>::MatrixXs = Eigen::Matrix<double, -1, -1>]\x1b[m\x1b[K\x1b[m\x1b[K\xe2\x80\x99\n'}
[13.118750] (jeffrey_controllers) StderrLine: {'line': b'\x1b[01m\x1b[K/opt/openrobots/include/pinocchio/algorithm/crba.hxx:623:52:\x1b[m\x1b[K   required from \xe2\x80\x98\x1b[01m\x1b[Kconst typename pinocchio::DataTpl<_Scalar, _Options, JointCollectionTpl>::MatrixXs& pinocchio::\x1b[01;32m\x1b[Kcrba\x1b[m\x1b[K(const ModelTpl<_Scalar, _Options, JointCollectionTpl>&, DataTpl<Scalar, Options, JointCollectionTpl>&, const Eigen::MatrixBase<Matrix3Like>&, Convention) \x1b[35m\x1b[K[with Scalar = double; int Options = 0; JointCollectionTpl = JointCollectionDefaultTpl; ConfigVectorType = Eigen::Matrix<double, -1, 1>; typename DataTpl<_Scalar, _Options, JointCollectionTpl>::MatrixXs = Eigen::Matrix<double, -1, -1>]\x1b[m\x1b[K\x1b[m\x1b[K\xe2\x80\x99\n'}
[13.118801] (jeffrey_controllers) StderrLine: {'line': b'\x1b[01m\x1b[K/home/ros2_ws/src/jeffrey_controllers/src/dynamics_utilities.cpp:126:42:\x1b[m\x1b[K   required from here\n'}
[13.118848] (jeffrey_controllers) StderrLine: {'line': b'\x1b[01m\x1b[K/opt/openrobots/include/pinocchio/algorithm/crba.hxx:159:20:\x1b[m\x1b[K \x1b[01;35m\x1b[Kwarning: \x1b[m\x1b[Kunused variable \xe2\x80\x98\x1b[01m\x1b[Kmimicked_id\x1b[m\x1b[K\xe2\x80\x99 [\x1b[01;35m\x1b[K\x1b]8;;https://gcc.gnu.org/onlinedocs/gcc/Warning-Options.html#index-Wunused-variable\x07-Wunused-variable\x1b]8;;\x07\x1b[m\x1b[K]\n'}
[13.118897] (jeffrey_controllers) StderrLine: {'line': b'  159 |         JointIndex \x1b[01;35m\x1b[Kmimicked_id\x1b[m\x1b[K = jmodel.derived().jmodel().id();\n'}
[13.118942] (jeffrey_controllers) StderrLine: {'line': b'      |                    \x1b[01;35m\x1b[K^~~~~~~~~~~\x1b[m\x1b[K\n'}
[13.136568] (-) TimerEvent: {}
[13.149673] (jeffrey_controllers) StderrLine: {'line': b'/opt/openrobots/include/pinocchio/algorithm/crba.hxx: In instantiation of \xe2\x80\x98\x1b[01m\x1b[Kstatic void pinocchio::impl::CrbaWorldConventionMimicStep<Scalar, Options, JointCollectionTpl>::\x1b[01;32m\x1b[Kalgo_impl\x1b[m\x1b[K(const pinocchio::JointModelBase<pinocchio::JointModelMimicTpl<Scalar, Options, JointCollectionTpl> >&, const Model&, Data&, const size_t&) \x1b[35m\x1b[K[with Scalar = double; int Options = 0; JointCollectionTpl = pinocchio::JointCollectionDefaultTpl; Model = pinocchio::ModelTpl<double, 0>; Data = pinocchio::DataTpl<double, 0>; size_t = long unsigned int]\x1b[m\x1b[K\x1b[m\x1b[K\xe2\x80\x99:\n'}
[13.149908] (jeffrey_controllers) StderrLine: {'line': b'\x1b[01m\x1b[K/opt/openrobots/include/pinocchio/algorithm/crba.hxx:141:18:\x1b[m\x1b[K   required from \xe2\x80\x98\x1b[01m\x1b[Kstatic void pinocchio::impl::CrbaWorldConventionMimicStep<Scalar, Options, JointCollectionTpl>::\x1b[01;32m\x1b[Kalgo\x1b[m\x1b[K(const pinocchio::JointModelBase<OtherDerived>&, const Model&, Data&, const size_t&) \x1b[35m\x1b[K[with JointModel = pinocchio::JointModelMimicTpl<double>; Scalar = double; int Options = 0; JointCollectionTpl = pinocchio::JointCollectionDefaultTpl; Model = pinocchio::ModelTpl<double, 0>; Data = pinocchio::DataTpl<double, 0>; size_t = long unsigned int]\x1b[m\x1b[K\x1b[m\x1b[K\xe2\x80\x99\n'}
[13.149968] (jeffrey_controllers) StderrLine: {'line': b'\x1b[01m\x1b[K/opt/openrobots/include/pinocchio/multibody/visitor/joint-unary-visitor.hpp:207:28:\x1b[m\x1b[K   required from \xe2\x80\x98\x1b[01m\x1b[KReturnType pinocchio::fusion::JointUnaryVisitorBase<JointVisitorDerived, ReturnType>::InternalVisitorModel<ArgType, Dummy>::\x1b[01;32m\x1b[Koperator()\x1b[m\x1b[K(const pinocchio::JointModelBase<JointModelDerived>&) const \x1b[35m\x1b[K[with JointModelDerived = pinocchio::JointModelMimicTpl<double>; ArgType = boost::fusion::vector<const pinocchio::ModelTpl<double, 0, pinocchio::JointCollectionDefaultTpl>&, pinocchio::DataTpl<double, 0, pinocchio::JointCollectionDefaultTpl>&, const long unsigned int&>; Dummy = void; JointVisitorDerived = pinocchio::impl::CrbaWorldConventionMimicStep<double, 0, pinocchio::JointCollectionDefaultTpl>; ReturnType = void]\x1b[m\x1b[K\x1b[m\x1b[K\xe2\x80\x99\n'}
[13.150019] (jeffrey_controllers) StderrLine: {'line': b'\x1b[01m\x1b[K/usr/include/boost/variant/variant.hpp:1028:24:\x1b[m\x1b[K   required from \xe2\x80\x98\x1b[01m\x1b[Ktypename boost::disable_if_c<(MoveSemantics && boost::is_same<Value2, Value2>::value), typename Visitor::result_type>::type boost::detail::variant::invoke_visitor<Visitor, MoveSemantics>::\x1b[01;32m\x1b[Kinternal_visit\x1b[m\x1b[K(T&&, int) \x1b[35m\x1b[K[with T = const pinocchio::JointModelMimicTpl<double>&; Visitor = pinocchio::fusion::JointUnaryVisitorBase<pinocchio::impl::CrbaWorldConventionMimicStep<double, 0, pinocchio::JointCollectionDefaultTpl>, void>::InternalVisitorModel<boost::fusion::vector<const pinocchio::ModelTpl<double, 0, pinocchio::JointCollectionDefaultTpl>&, pinocchio::DataTpl<double, 0, pinocchio::JointCollectionDefaultTpl>&, const long unsigned int&>, void>; bool MoveSemantics = false; typename boost::disable_if_c<(MoveSemantics && boost::is_same<Value2, Value2>::value), typename Visitor::result_type>::type = void; typename Visitor::result_type = void]\x1b[m\x1b[K\x1b[m\x1b[K\xe2\x80\x99\n'}
[13.150089] (jeffrey_controllers) StderrLine: {'line': b'\x1b[01m\x1b[K/usr/include/boost/variant/variant.hpp:1060:30:\x1b[m\x1b[K   required from \xe2\x80\x98\x1b[01m\x1b[Kboost::detail::variant::invoke_visitor<Visitor, MoveSemantics>::result_type boost::detail::variant::invoke_visitor<Visitor, MoveSemantics>::\x1b[01;32m\x1b[Kinternal_visit\x1b[m\x1b[K(const boost::recursive_wrapper<T>&, long int) \x1b[35m\x1b[K[with T = pinocchio::JointModelMimicTpl<double>; Visitor = pinocchio::fusion::JointUnaryVisitorBase<pinocchio::impl::CrbaWorldConventionMimicStep<double, 0, pinocchio::JointCollectionDefaultTpl>, void>::InternalVisitorModel<boost::fusion::vector<const pinocchio::ModelTpl<double, 0, pinocchio::JointCollectionDefaultTpl>&, pinocchio::DataTpl<double, 0, pinocchio::JointCollectionDefaultTpl>&, const long unsigned int&>, void>; bool MoveSemantics = false; result_type = void]\x1b[m\x1b[K\x1b[m\x1b[K\xe2\x80\x99\n'}
[13.150154] (jeffrey_controllers) StderrLine: {'line': b'\x1b[01m\x1b[K/usr/include/boost/variant/detail/visitation_impl.hpp:117:34:\x1b[m\x1b[K   required from \xe2\x80\x98\x1b[01m\x1b[Ktypename Visitor::result_type boost::detail::variant::\x1b[01;32m\x1b[Kvisitation_impl_invoke_impl\x1b[m\x1b[K(int, Visitor&, VoidPtrCV, T*, mpl_::true_) \x1b[35m\x1b[K[with Visitor = invoke_visitor<pinocchio::fusion::JointUnaryVisitorBase<pinocchio::impl::CrbaWorldConventionMimicStep<double, 0, pinocchio::JointCollectionDefaultTpl>, void>::InternalVisitorModel<boost::fusion::vector<const pinocchio::ModelTpl<double, 0, pinocchio::JointCollectionDefaultTpl>&, pinocchio::DataTpl<double, 0, pinocchio::JointCollectionDefaultTpl>&, const long unsigned int&>, void>, false>; VoidPtrCV = const void*; T = boost::recursive_wrapper<pinocchio::JointModelMimicTpl<double> >; typename Visitor::result_type = void; mpl_::true_ = mpl_::bool_<true>]\x1b[m\x1b[K\x1b[m\x1b[K\xe2\x80\x99\n'}
[13.150217] (jeffrey_controllers) StderrLine: {'line': b'\x1b[01m\x1b[K/usr/include/boost/variant/detail/visitation_impl.hpp:157:41:\x1b[m\x1b[K   [ skipping 4 instantiation contexts, use -ftemplate-backtrace-limit=0 to disable ]\n'}
[13.150275] (jeffrey_controllers) StderrLine: {'line': b'\x1b[01m\x1b[K/usr/include/boost/variant/variant.hpp:2405:44:\x1b[m\x1b[K   required from \xe2\x80\x98\x1b[01m\x1b[Ktypename Visitor::result_type boost::variant<T0, TN>::\x1b[01;32m\x1b[Kapply_visitor\x1b[m\x1b[K(Visitor&) const & \x1b[35m\x1b[K[with Visitor = pinocchio::fusion::JointUnaryVisitorBase<pinocchio::impl::CrbaWorldConventionMimicStep<double, 0, pinocchio::JointCollectionDefaultTpl>, void>::InternalVisitorModel<boost::fusion::vector<const pinocchio::ModelTpl<double, 0, pinocchio::JointCollectionDefaultTpl>&, pinocchio::DataTpl<double, 0, pinocchio::JointCollectionDefaultTpl>&, const long unsigned int&>, void>; T0_ = pinocchio::JointModelRevoluteTpl<double, 0, 0>; TN = {pinocchio::JointModelRevoluteTpl<double, 0, 1>, pinocchio::JointModelRevoluteTpl<double, 0, 2>, pinocchio::JointModelFreeFlyerTpl<double, 0>, pinocchio::JointModelPlanarTpl<double, 0>, pinocchio::JointModelRevoluteUnalignedTpl<double, 0>, pinocchio::JointModelSphericalTpl<double, 0>, pinocchio::JointModelSphericalZYXTpl<double, 0>, pinocchio::JointModelEllipsoidTpl<double, 0>, pinocchio::JointModelPrismaticTpl<double, 0, 0>, pinocchio::JointModelPrismaticTpl<double, 0, 1>, pinocchio::JointModelPrismaticTpl<double, 0, 2>, pinocchio::JointModelPrismaticUnalignedTpl<double, 0>, pinocchio::JointModelTranslationTpl<double, 0>, pinocchio::JointModelRevoluteUnboundedTpl<double, 0, 0>, pinocchio::JointModelRevoluteUnboundedTpl<double, 0, 1>, pinocchio::JointModelRevoluteUnboundedTpl<double, 0, 2>, pinocchio::JointModelRevoluteUnboundedUnalignedTpl<double, 0>, pinocchio::JointModelHelicalTpl<double, 0, 0>, pinocchio::JointModelHelicalTpl<double, 0, 1>, pinocchio::JointModelHelicalTpl<double, 0, 2>, pinocchio::JointModelHelicalUnalignedTpl<double, 0>, pinocchio::JointModelUniversalTpl<double, 0>, boost::recursive_wrapper<pinocchio::JointModelCompositeTpl<double, 0, pinocchio::JointCollectionDefaultTpl> >, boost::recursive_wrapper<pinocchio::JointModelMimicTpl<double, 0, pinocchio::JointCollectionDefaultTpl> >}; typename Visitor::result_type = void]\x1b[m\x1b[K\x1b[m\x1b[K\xe2\x80\x99\n'}
[13.150357] (jeffrey_controllers) StderrLine: {'line': b'\x1b[01m\x1b[K/usr/include/boost/variant/detail/apply_visitor_unary.hpp:48:64:\x1b[m\x1b[K   required from \xe2\x80\x98\x1b[01m\x1b[Ktypename Visitor::result_type boost::\x1b[01;32m\x1b[Kapply_visitor\x1b[m\x1b[K(Visitor&, Visitable&&) \x1b[35m\x1b[K[with Visitor = pinocchio::fusion::JointUnaryVisitorBase<pinocchio::impl::CrbaWorldConventionMimicStep<double, 0, pinocchio::JointCollectionDefaultTpl>, void>::InternalVisitorModel<fusion::vector<const pinocchio::ModelTpl<double, 0, pinocchio::JointCollectionDefaultTpl>&, pinocchio::DataTpl<double, 0, pinocchio::JointCollectionDefaultTpl>&, const long unsigned int&>, void>; Visitable = const pinocchio::JointModelTpl<double>&; typename Visitor::result_type = void]\x1b[m\x1b[K\x1b[m\x1b[K\xe2\x80\x99\n'}
[13.150411] (jeffrey_controllers) StderrLine: {'line': b'\x1b[01m\x1b[K/opt/openrobots/include/pinocchio/multibody/visitor/joint-unary-visitor.hpp:81:36:\x1b[m\x1b[K   required from \xe2\x80\x98\x1b[01m\x1b[Kstatic ReturnType pinocchio::fusion::JointUnaryVisitorBase<JointVisitorDerived, ReturnType>::\x1b[01;32m\x1b[Krun\x1b[m\x1b[K(const pinocchio::JointModelTpl<Scalar, Options, JointCollectionTpl>&, ArgsTmp) \x1b[35m\x1b[K[with Scalar = double; int Options = 0; JointCollectionTpl = pinocchio::JointCollectionDefaultTpl; ArgsTmp = boost::fusion::vector<const pinocchio::ModelTpl<double, 0, pinocchio::JointCollectionDefaultTpl>&, pinocchio::DataTpl<double, 0, pinocchio::JointCollectionDefaultTpl>&, const long unsigned int&>; JointVisitorDerived = pinocchio::impl::CrbaWorldConventionMimicStep<double, 0, pinocchio::JointCollectionDefaultTpl>; ReturnType = void]\x1b[m\x1b[K\x1b[m\x1b[K\xe2\x80\x99\n'}
[13.150474] (jeffrey_controllers) StderrLine: {'line': b'\x1b[01m\x1b[K/opt/openrobots/include/pinocchio/algorithm/crba.hxx:537:19:\x1b[m\x1b[K   required from \xe2\x80\x98\x1b[01m\x1b[Kconst typename pinocchio::DataTpl<_Scalar, _Options, JointCollectionTpl>::MatrixXs& pinocchio::impl::\x1b[01;32m\x1b[KcrbaWorldConvention\x1b[m\x1b[K(const pinocchio::ModelTpl<_Scalar, _Options, JointCollectionTpl>&, pinocchio::DataTpl<Scalar, Options, JointCollectionTpl>&, const Eigen::MatrixBase<Matrix3Like>&) \x1b[35m\x1b[K[with Scalar = double; int Options = 0; JointCollectionTpl = pinocchio::JointCollectionDefaultTpl; ConfigVectorType = Eigen::Ref<const Eigen::Matrix<double, -1, 1>, 0, Eigen::InnerStride<1> >; typename pinocchio::DataTpl<_Scalar, _Options, JointCollectionTpl>::MatrixXs = Eigen::Matrix<double, -1, -1>]\x1b[m\x1b[K\x1b[m\x1b[K\xe2\x80\x99\n'}
[13.150529] (jeffrey_controllers) StderrLine: {'line': b'\x1b[01m\x1b[K/opt/openrobots/include/pinocchio/algorithm/crba.hxx:623:52:\x1b[m\x1b[K   required from \xe2\x80\x98\x1b[01m\x1b[Kconst typename pinocchio::DataTpl<_Scalar, _Options, JointCollectionTpl>::MatrixXs& pinocchio::\x1b[01;32m\x1b[Kcrba\x1b[m\x1b[K(const ModelTpl<_Scalar, _Options, JointCollectionTpl>&, DataTpl<Scalar, Options, JointCollectionTpl>&, const Eigen::MatrixBase<Matrix3Like>&, Convention) \x1b[35m\x1b[K[with Scalar = double; int Options = 0; JointCollectionTpl = JointCollectionDefaultTpl; ConfigVectorType = Eigen::Matrix<double, -1, 1>; typename DataTpl<_Scalar, _Options, JointCollectionTpl>::MatrixXs = Eigen::Matrix<double, -1, -1>]\x1b[m\x1b[K\x1b[m\x1b[K\xe2\x80\x99\n'}
[13.150592] (jeffrey_controllers) StderrLine: {'line': b'\x1b[01m\x1b[K/home/ros2_ws/src/jeffrey_controllers/src/dynamics_utilities.cpp:126:42:\x1b[m\x1b[K   required from here\n'}
[13.150639] (jeffrey_controllers) StderrLine: {'line': b'\x1b[01m\x1b[K/opt/openrobots/include/pinocchio/algorithm/crba.hxx:159:20:\x1b[m\x1b[K \x1b[01;35m\x1b[Kwarning: \x1b[m\x1b[Kunused variable \xe2\x80\x98\x1b[01m\x1b[Kmimicked_id\x1b[m\x1b[K\xe2\x80\x99 [\x1b[01;35m\x1b[K\x1b]8;;https://gcc.gnu.org/onlinedocs/gcc/Warning-Options.html#index-Wunused-variable\x07-Wunused-variable\x1b]8;;\x07\x1b[m\x1b[K]\n'}
[13.150699] (jeffrey_controllers) StderrLine: {'line': b'  159 |         JointIndex \x1b[01;35m\x1b[Kmimicked_id\x1b[m\x1b[K = jmodel.derived().jmodel().id();\n'}
[13.150754] (jeffrey_controllers) StderrLine: {'line': b'      |                    \x1b[01;35m\x1b[K^~~~~~~~~~~\x1b[m\x1b[K\n'}
[13.236678] (-) TimerEvent: {}
[13.336931] (-) TimerEvent: {}
[13.437234] (-) TimerEvent: {}
[13.537547] (-) TimerEvent: {}
[13.637883] (-) TimerEvent: {}
[13.738188] (-) TimerEvent: {}
[13.838491] (-) TimerEvent: {}
[13.938785] (-) TimerEvent: {}
[14.039097] (-) TimerEvent: {}
[14.139356] (-) TimerEvent: {}
[14.239638] (-) TimerEvent: {}
[14.339881] (-) TimerEvent: {}
[14.440128] (-) TimerEvent: {}
[14.540380] (-) TimerEvent: {}
[14.640670] (-) TimerEvent: {}
[14.740938] (-) TimerEvent: {}
[14.841195] (-) TimerEvent: {}
[14.941478] (-) TimerEvent: {}
[15.041824] (-) TimerEvent: {}
[15.142111] (-) TimerEvent: {}
[15.242393] (-) TimerEvent: {}
[15.342679] (-) TimerEvent: {}
[15.442944] (-) TimerEvent: {}
[15.543196] (-) TimerEvent: {}
[15.643440] (-) TimerEvent: {}
[15.743652] (-) TimerEvent: {}
[15.843880] (-) TimerEvent: {}
[15.944126] (-) TimerEvent: {}
[16.044362] (-) TimerEvent: {}
[16.144631] (-) TimerEvent: {}
[16.244909] (-) TimerEvent: {}
[16.345151] (-) TimerEvent: {}
[16.445420] (-) TimerEvent: {}
[16.545675] (-) TimerEvent: {}
[16.645929] (-) TimerEvent: {}
[16.746214] (-) TimerEvent: {}
[16.846464] (-) TimerEvent: {}
[16.946739] (-) TimerEvent: {}
[17.046982] (-) TimerEvent: {}
[17.147238] (-) TimerEvent: {}
[17.247491] (-) TimerEvent: {}
[17.347743] (-) TimerEvent: {}
[17.447980] (-) TimerEvent: {}
[17.548223] (-) TimerEvent: {}
[17.648462] (-) TimerEvent: {}
[17.748713] (-) TimerEvent: {}
[17.848959] (-) TimerEvent: {}
[17.949192] (-) TimerEvent: {}
[18.049455] (-) TimerEvent: {}
[18.149734] (-) TimerEvent: {}
[18.250003] (-) TimerEvent: {}
[18.350271] (-) TimerEvent: {}
[18.450526] (-) TimerEvent: {}
[18.550777] (-) TimerEvent: {}
[18.651027] (-) TimerEvent: {}
[18.751261] (-) TimerEvent: {}
[18.851503] (-) TimerEvent: {}
[18.951781] (-) TimerEvent: {}
[19.052046] (-) TimerEvent: {}
[19.152330] (-) TimerEvent: {}
[19.252604] (-) TimerEvent: {}
[19.352865] (-) TimerEvent: {}
[19.453121] (-) TimerEvent: {}
[19.553371] (-) TimerEvent: {}
[19.653639] (-) TimerEvent: {}
[19.753872] (-) TimerEvent: {}
[19.854117] (-) TimerEvent: {}
[19.954405] (-) TimerEvent: {}
[20.054686] (-) TimerEvent: {}
[20.154961] (-) TimerEvent: {}
[20.255234] (-) TimerEvent: {}
[20.355499] (-) TimerEvent: {}
[20.455761] (-) TimerEvent: {}
[20.556017] (-) TimerEvent: {}
[20.656280] (-) TimerEvent: {}
[20.756545] (-) TimerEvent: {}
[20.856795] (-) TimerEvent: {}
[20.957033] (-) TimerEvent: {}
[21.057276] (-) TimerEvent: {}
[21.157518] (-) TimerEvent: {}
[21.257787] (-) TimerEvent: {}
[21.358033] (-) TimerEvent: {}
[21.458283] (-) TimerEvent: {}
[21.558518] (-) TimerEvent: {}
[21.658785] (-) TimerEvent: {}
[21.759036] (-) TimerEvent: {}
[21.859280] (-) TimerEvent: {}
[21.959536] (-) TimerEvent: {}
[22.059814] (-) TimerEvent: {}
[22.160072] (-) TimerEvent: {}
[22.260309] (-) TimerEvent: {}
[22.360566] (-) TimerEvent: {}
[22.460826] (-) TimerEvent: {}
[22.561082] (-) TimerEvent: {}
[22.661349] (-) TimerEvent: {}
[22.761610] (-) TimerEvent: {}
[22.861846] (-) TimerEvent: {}
[22.962100] (-) TimerEvent: {}
[23.062362] (-) TimerEvent: {}
[23.162630] (-) TimerEvent: {}
[23.262893] (-) TimerEvent: {}
[23.363151] (-) TimerEvent: {}
[23.463415] (-) TimerEvent: {}
[23.563692] (-) TimerEvent: {}
[23.663954] (-) TimerEvent: {}
[23.764215] (-) TimerEvent: {}
[23.864477] (-) TimerEvent: {}
[23.964750] (-) TimerEvent: {}
[24.065001] (-) TimerEvent: {}
[24.165253] (-) TimerEvent: {}
[24.265526] (-) TimerEvent: {}
[24.365809] (-) TimerEvent: {}
[24.466090] (-) TimerEvent: {}
[24.566356] (-) TimerEvent: {}
[24.666661] (-) TimerEvent: {}
[24.766921] (-) TimerEvent: {}
[24.810968] (jeffrey_controllers) StderrLine: {'line': b'In file included from \x1b[01m\x1b[K/opt/openrobots/include/pinocchio/parsers/urdf.hpp:351\x1b[m\x1b[K,\n'}
[24.811139] (jeffrey_controllers) StderrLine: {'line': b'                 from \x1b[01m\x1b[K/home/ros2_ws/src/jeffrey_controllers/src/dynamics_utilities.cpp:4\x1b[m\x1b[K:\n'}
[24.811195] (jeffrey_controllers) StderrLine: {'line': b'\x1b[01m\x1b[K/opt/openrobots/include/pinocchio/parsers/urdf/model.hxx:\x1b[m\x1b[K In member function \xe2\x80\x98\x1b[01m\x1b[Kpinocchio::JointIndex pinocchio::urdf::details::UrdfVisitor<Scalar, Options, JointCollectionTpl>::\x1b[01;32m\x1b[KaddMimicJoint\x1b[m\x1b[K(const Frame&, const SE3&, const std::string&, const VectorConstRef&, const VectorConstRef&, const VectorConstRef&, const VectorConstRef&, const VectorConstRef&, const VectorConstRef&, const MimicInfo_&) \x1b[35m\x1b[K[with TypeX = pinocchio::JointModelRevoluteTpl<double, 0, 0>; TypeY = pinocchio::JointModelRevoluteTpl<double, 0, 1>; TypeZ = pinocchio::JointModelRevoluteTpl<double, 0, 2>; TypeUnaligned = pinocchio::JointModelRevoluteUnalignedTpl<double>; Scalar = double; int Options = 0; JointCollectionTpl = pinocchio::JointCollectionDefaultTpl]\x1b[m\x1b[K\x1b[m\x1b[K\xe2\x80\x99:\n'}
[24.811263] (jeffrey_controllers) StderrLine: {'line': b'\x1b[01m\x1b[K/opt/openrobots/include/pinocchio/parsers/urdf/model.hxx:553:9:\x1b[m\x1b[K \x1b[01;35m\x1b[Kwarning: \x1b[m\x1b[Kcontrol reaches end of non-void function [\x1b[01;35m\x1b[K\x1b]8;;https://gcc.gnu.org/onlinedocs/gcc/Warning-Options.html#index-Wreturn-type\x07-Wreturn-type\x1b]8;;\x07\x1b[m\x1b[K]\n'}
[24.811313] (jeffrey_controllers) StderrLine: {'line': b'  553 |         \x1b[01;35m\x1b[K}\x1b[m\x1b[K\n'}
[24.811357] (jeffrey_controllers) StderrLine: {'line': b'      |         \x1b[01;35m\x1b[K^\x1b[m\x1b[K\n'}
[24.814960] (jeffrey_controllers) StderrLine: {'line': b'\x1b[01m\x1b[K/opt/openrobots/include/pinocchio/parsers/urdf/model.hxx:\x1b[m\x1b[K In member function \xe2\x80\x98\x1b[01m\x1b[Kpinocchio::JointIndex pinocchio::urdf::details::UrdfVisitor<Scalar, Options, JointCollectionTpl>::\x1b[01;32m\x1b[KaddMimicJoint\x1b[m\x1b[K(const Frame&, const SE3&, const std::string&, const VectorConstRef&, const VectorConstRef&, const VectorConstRef&, const VectorConstRef&, const VectorConstRef&, const VectorConstRef&, const MimicInfo_&) \x1b[35m\x1b[K[with TypeX = pinocchio::JointModelPrismaticTpl<double, 0, 0>; TypeY = pinocchio::JointModelPrismaticTpl<double, 0, 1>; TypeZ = pinocchio::JointModelPrismaticTpl<double, 0, 2>; TypeUnaligned = pinocchio::JointModelPrismaticUnalignedTpl<double>; Scalar = double; int Options = 0; JointCollectionTpl = pinocchio::JointCollectionDefaultTpl]\x1b[m\x1b[K\x1b[m\x1b[K\xe2\x80\x99:\n'}
[24.815073] (jeffrey_controllers) StderrLine: {'line': b'\x1b[01m\x1b[K/opt/openrobots/include/pinocchio/parsers/urdf/model.hxx:553:9:\x1b[m\x1b[K \x1b[01;35m\x1b[Kwarning: \x1b[m\x1b[Kcontrol reaches end of non-void function [\x1b[01;35m\x1b[K\x1b]8;;https://gcc.gnu.org/onlinedocs/gcc/Warning-Options.html#index-Wreturn-type\x07-Wreturn-type\x1b]8;;\x07\x1b[m\x1b[K]\n'}
[24.816582] (jeffrey_controllers) StderrLine: {'line': b'\x1b[01m\x1b[K/opt/openrobots/include/pinocchio/parsers/urdf/model.hxx:\x1b[m\x1b[K In member function \xe2\x80\x98\x1b[01m\x1b[Kpinocchio::JointIndex pinocchio::urdf::details::UrdfVisitor<Scalar, Options, JointCollectionTpl>::\x1b[01;32m\x1b[KaddMimicJoint\x1b[m\x1b[K(const Frame&, const SE3&, const std::string&, const VectorConstRef&, const VectorConstRef&, const VectorConstRef&, const VectorConstRef&, const VectorConstRef&, const VectorConstRef&, const MimicInfo_&) \x1b[35m\x1b[K[with TypeX = pinocchio::JointModelRevoluteUnboundedTpl<double, 0, 0>; TypeY = pinocchio::JointModelRevoluteUnboundedTpl<double, 0, 1>; TypeZ = pinocchio::JointModelRevoluteUnboundedTpl<double, 0, 2>; TypeUnaligned = pinocchio::JointModelRevoluteUnboundedUnalignedTpl<double>; Scalar = double; int Options = 0; JointCollectionTpl = pinocchio::JointCollectionDefaultTpl]\x1b[m\x1b[K\x1b[m\x1b[K\xe2\x80\x99:\n'}
[24.816651] (jeffrey_controllers) StderrLine: {'line': b'\x1b[01m\x1b[K/opt/openrobots/include/pinocchio/parsers/urdf/model.hxx:553:9:\x1b[m\x1b[K \x1b[01;35m\x1b[Kwarning: \x1b[m\x1b[Kcontrol reaches end of non-void function [\x1b[01;35m\x1b[K\x1b]8;;https://gcc.gnu.org/onlinedocs/gcc/Warning-Options.html#index-Wreturn-type\x07-Wreturn-type\x1b]8;;\x07\x1b[m\x1b[K]\n'}
[24.846876] (jeffrey_controllers) StderrLine: {'line': b'In file included from \x1b[01m\x1b[K/opt/openrobots/include/pinocchio/parsers/urdf.hpp:351\x1b[m\x1b[K,\n'}
[24.847052] (jeffrey_controllers) StderrLine: {'line': b'                 from \x1b[01m\x1b[K/home/ros2_ws/src/jeffrey_controllers/src/dynamics_utilities.cpp:4\x1b[m\x1b[K:\n'}
[24.847108] (jeffrey_controllers) StderrLine: {'line': b'\x1b[01m\x1b[K/opt/openrobots/include/pinocchio/parsers/urdf/model.hxx:\x1b[m\x1b[K In member function \xe2\x80\x98\x1b[01m\x1b[Kpinocchio::JointIndex pinocchio::urdf::details::UrdfVisitor<Scalar, Options, JointCollectionTpl>::\x1b[01;32m\x1b[KaddMimicJoint\x1b[m\x1b[K(const Frame&, const SE3&, const std::string&, const VectorConstRef&, const VectorConstRef&, const VectorConstRef&, const VectorConstRef&, const VectorConstRef&, const VectorConstRef&, const MimicInfo_&) \x1b[35m\x1b[K[with TypeX = pinocchio::JointModelRevoluteTpl<double, 0, 0>; TypeY = pinocchio::JointModelRevoluteTpl<double, 0, 1>; TypeZ = pinocchio::JointModelRevoluteTpl<double, 0, 2>; TypeUnaligned = pinocchio::JointModelRevoluteUnalignedTpl<double>; Scalar = double; int Options = 0; JointCollectionTpl = pinocchio::JointCollectionDefaultTpl]\x1b[m\x1b[K\x1b[m\x1b[K\xe2\x80\x99:\n'}
[24.847172] (jeffrey_controllers) StderrLine: {'line': b'\x1b[01m\x1b[K/opt/openrobots/include/pinocchio/parsers/urdf/model.hxx:553:9:\x1b[m\x1b[K \x1b[01;35m\x1b[Kwarning: \x1b[m\x1b[Kcontrol reaches end of non-void function [\x1b[01;35m\x1b[K\x1b]8;;https://gcc.gnu.org/onlinedocs/gcc/Warning-Options.html#index-Wreturn-type\x07-Wreturn-type\x1b]8;;\x07\x1b[m\x1b[K]\n'}
[24.847227] (jeffrey_controllers) StderrLine: {'line': b'  553 |         \x1b[01;35m\x1b[K}\x1b[m\x1b[K\n'}
[24.847272] (jeffrey_controllers) StderrLine: {'line': b'      |         \x1b[01;35m\x1b[K^\x1b[m\x1b[K\n'}
[24.850645] (jeffrey_controllers) StderrLine: {'line': b'\x1b[01m\x1b[K/opt/openrobots/include/pinocchio/parsers/urdf/model.hxx:\x1b[m\x1b[K In member function \xe2\x80\x98\x1b[01m\x1b[Kpinocchio::JointIndex pinocchio::urdf::details::UrdfVisitor<Scalar, Options, JointCollectionTpl>::\x1b[01;32m\x1b[KaddMimicJoint\x1b[m\x1b[K(const Frame&, const SE3&, const std::string&, const VectorConstRef&, const VectorConstRef&, const VectorConstRef&, const VectorConstRef&, const VectorConstRef&, const VectorConstRef&, const MimicInfo_&) \x1b[35m\x1b[K[with TypeX = pinocchio::JointModelPrismaticTpl<double, 0, 0>; TypeY = pinocchio::JointModelPrismaticTpl<double, 0, 1>; TypeZ = pinocchio::JointModelPrismaticTpl<double, 0, 2>; TypeUnaligned = pinocchio::JointModelPrismaticUnalignedTpl<double>; Scalar = double; int Options = 0; JointCollectionTpl = pinocchio::JointCollectionDefaultTpl]\x1b[m\x1b[K\x1b[m\x1b[K\xe2\x80\x99:\n'}
[24.850781] (jeffrey_controllers) StderrLine: {'line': b'\x1b[01m\x1b[K/opt/openrobots/include/pinocchio/parsers/urdf/model.hxx:553:9:\x1b[m\x1b[K \x1b[01;35m\x1b[Kwarning: \x1b[m\x1b[Kcontrol reaches end of non-void function [\x1b[01;35m\x1b[K\x1b]8;;https://gcc.gnu.org/onlinedocs/gcc/Warning-Options.html#index-Wreturn-type\x07-Wreturn-type\x1b]8;;\x07\x1b[m\x1b[K]\n'}
[24.852187] (jeffrey_controllers) StderrLine: {'line': b'\x1b[01m\x1b[K/opt/openrobots/include/pinocchio/parsers/urdf/model.hxx:\x1b[m\x1b[K In member function \xe2\x80\x98\x1b[01m\x1b[Kpinocchio::JointIndex pinocchio::urdf::details::UrdfVisitor<Scalar, Options, JointCollectionTpl>::\x1b[01;32m\x1b[KaddMimicJoint\x1b[m\x1b[K(const Frame&, const SE3&, const std::string&, const VectorConstRef&, const VectorConstRef&, const VectorConstRef&, const VectorConstRef&, const VectorConstRef&, const VectorConstRef&, const MimicInfo_&) \x1b[35m\x1b[K[with TypeX = pinocchio::JointModelRevoluteUnboundedTpl<double, 0, 0>; TypeY = pinocchio::JointModelRevoluteUnboundedTpl<double, 0, 1>; TypeZ = pinocchio::JointModelRevoluteUnboundedTpl<double, 0, 2>; TypeUnaligned = pinocchio::JointModelRevoluteUnboundedUnalignedTpl<double>; Scalar = double; int Options = 0; JointCollectionTpl = pinocchio::JointCollectionDefaultTpl]\x1b[m\x1b[K\x1b[m\x1b[K\xe2\x80\x99:\n'}
[24.852308] (jeffrey_controllers) StderrLine: {'line': b'\x1b[01m\x1b[K/opt/openrobots/include/pinocchio/parsers/urdf/model.hxx:553:9:\x1b[m\x1b[K \x1b[01;35m\x1b[Kwarning: \x1b[m\x1b[Kcontrol reaches end of non-void function [\x1b[01;35m\x1b[K\x1b]8;;https://gcc.gnu.org/onlinedocs/gcc/Warning-Options.html#index-Wreturn-type\x07-Wreturn-type\x1b]8;;\x07\x1b[m\x1b[K]\n'}
[24.867013] (-) TimerEvent: {}
[24.967244] (-) TimerEvent: {}
[25.067515] (-) TimerEvent: {}
[25.167816] (-) TimerEvent: {}
[25.268082] (-) TimerEvent: {}
[25.368373] (-) TimerEvent: {}
[25.468644] (-) TimerEvent: {}
[25.568896] (-) TimerEvent: {}
[25.669159] (-) TimerEvent: {}
[25.769407] (-) TimerEvent: {}
[25.869643] (-) TimerEvent: {}
[25.969898] (-) TimerEvent: {}
[26.070170] (-) TimerEvent: {}
[26.170428] (-) TimerEvent: {}
[26.270718] (-) TimerEvent: {}
[26.370990] (-) TimerEvent: {}
[26.471239] (-) TimerEvent: {}
[26.571492] (-) TimerEvent: {}
[26.671754] (-) TimerEvent: {}
[26.772012] (-) TimerEvent: {}
[26.872256] (-) TimerEvent: {}
[26.972510] (-) TimerEvent: {}
[27.072769] (-) TimerEvent: {}
[27.173026] (-) TimerEvent: {}
[27.273282] (-) TimerEvent: {}
[27.373537] (-) TimerEvent: {}
[27.473806] (-) TimerEvent: {}
[27.574073] (-) TimerEvent: {}
[27.674311] (-) TimerEvent: {}
[27.774548] (-) TimerEvent: {}
[27.874812] (-) TimerEvent: {}
[27.975081] (-) TimerEvent: {}
[28.075368] (-) TimerEvent: {}
[28.175644] (-) TimerEvent: {}
[28.275930] (-) TimerEvent: {}
[28.376204] (-) TimerEvent: {}
[28.476478] (-) TimerEvent: {}
[28.576762] (-) TimerEvent: {}
[28.677010] (-) TimerEvent: {}
[28.777263] (-) TimerEvent: {}
[28.877525] (-) TimerEvent: {}
[28.977801] (-) TimerEvent: {}
[29.078067] (-) TimerEvent: {}
[29.178323] (-) TimerEvent: {}
[29.278590] (-) TimerEvent: {}
[29.378842] (-) TimerEvent: {}
[29.479118] (-) TimerEvent: {}
[29.579393] (-) TimerEvent: {}
[29.679670] (-) TimerEvent: {}
[29.779942] (-) TimerEvent: {}
[29.880184] (-) TimerEvent: {}
[29.980422] (-) TimerEvent: {}
[30.080646] (-) TimerEvent: {}
[30.180897] (-) TimerEvent: {}
[30.281164] (-) TimerEvent: {}
[30.381452] (-) TimerEvent: {}
[30.481737] (-) TimerEvent: {}
[30.582013] (-) TimerEvent: {}
[30.682276] (-) TimerEvent: {}
[30.782542] (-) TimerEvent: {}
[30.882821] (-) TimerEvent: {}
[30.983076] (-) TimerEvent: {}
[31.083320] (-) TimerEvent: {}
[31.183559] (-) TimerEvent: {}
[31.283851] (-) TimerEvent: {}
[31.384110] (-) TimerEvent: {}
[31.484347] (-) TimerEvent: {}
[31.584613] (-) TimerEvent: {}
[31.684876] (-) TimerEvent: {}
[31.785116] (-) TimerEvent: {}
[31.885398] (-) TimerEvent: {}
[31.985657] (-) TimerEvent: {}
[32.085916] (-) TimerEvent: {}
[32.186154] (-) TimerEvent: {}
[32.286423] (-) TimerEvent: {}
[32.386689] (-) TimerEvent: {}
[32.486945] (-) TimerEvent: {}
[32.587198] (-) TimerEvent: {}
[32.687461] (-) TimerEvent: {}
[32.787710] (-) TimerEvent: {}
[32.887983] (-) TimerEvent: {}
[32.988230] (-) TimerEvent: {}
[33.088486] (-) TimerEvent: {}
[33.188778] (-) TimerEvent: {}
[33.289042] (-) TimerEvent: {}
[33.389290] (-) TimerEvent: {}
[33.489549] (-) TimerEvent: {}
[33.589835] (-) TimerEvent: {}
[33.690084] (-) TimerEvent: {}
[33.790364] (-) TimerEvent: {}
[33.890658] (-) TimerEvent: {}
[33.990905] (-) TimerEvent: {}
[34.091168] (-) TimerEvent: {}
[34.191432] (-) TimerEvent: {}
[34.291686] (-) TimerEvent: {}
[34.391947] (-) TimerEvent: {}
[34.492190] (-) TimerEvent: {}
[34.592435] (-) TimerEvent: {}
[34.692675] (-) TimerEvent: {}
[34.792934] (-) TimerEvent: {}
[34.893197] (-) TimerEvent: {}
[34.993445] (-) TimerEvent: {}
[35.093670] (-) TimerEvent: {}
[35.194006] (-) TimerEvent: {}
[35.294272] (-) TimerEvent: {}
[35.394501] (-) TimerEvent: {}
[35.494752] (-) TimerEvent: {}
[35.594986] (-) TimerEvent: {}
[35.695226] (-) TimerEvent: {}
[35.795457] (-) TimerEvent: {}
[35.895668] (-) TimerEvent: {}
[35.995912] (-) TimerEvent: {}
[36.096156] (-) TimerEvent: {}
[36.196444] (-) TimerEvent: {}
[36.296737] (-) TimerEvent: {}
[36.396975] (-) TimerEvent: {}
[36.497221] (-) TimerEvent: {}
[36.597456] (-) TimerEvent: {}
[36.697715] (-) TimerEvent: {}
[36.797965] (-) TimerEvent: {}
[36.898254] (-) TimerEvent: {}
[36.998509] (-) TimerEvent: {}
[37.098784] (-) TimerEvent: {}
[37.199023] (-) TimerEvent: {}
[37.299262] (-) TimerEvent: {}
[37.399500] (-) TimerEvent: {}
[37.499751] (-) TimerEvent: {}
[37.599992] (-) TimerEvent: {}
[37.700261] (-) TimerEvent: {}
[37.800505] (-) TimerEvent: {}
[37.900790] (-) TimerEvent: {}
[38.001064] (-) TimerEvent: {}
[38.101353] (-) TimerEvent: {}
[38.201600] (-) TimerEvent: {}
[38.301831] (-) TimerEvent: {}
[38.402063] (-) TimerEvent: {}
[38.502310] (-) TimerEvent: {}
[38.602564] (-) TimerEvent: {}
[38.702816] (-) TimerEvent: {}
[38.803084] (-) TimerEvent: {}
[38.903350] (-) TimerEvent: {}
[39.003635] (-) TimerEvent: {}
[39.103875] (-) TimerEvent: {}
[39.204119] (-) TimerEvent: {}
[39.304378] (-) TimerEvent: {}
[39.404631] (-) TimerEvent: {}
[39.504866] (-) TimerEvent: {}
[39.605100] (-) TimerEvent: {}
[39.705328] (-) TimerEvent: {}
[39.805557] (-) TimerEvent: {}
[39.905827] (-) TimerEvent: {}
[40.006077] (-) TimerEvent: {}
[40.106328] (-) TimerEvent: {}
[40.206590] (-) TimerEvent: {}
[40.306853] (-) TimerEvent: {}
[40.407100] (-) TimerEvent: {}
[40.507357] (-) TimerEvent: {}
[40.607636] (-) TimerEvent: {}
[40.707907] (-) TimerEvent: {}
[40.808163] (-) TimerEvent: {}
[40.908420] (-) TimerEvent: {}
[41.008648] (-) TimerEvent: {}
[41.108889] (-) TimerEvent: {}
[41.209133] (-) TimerEvent: {}
[41.309393] (-) TimerEvent: {}
[41.409671] (-) TimerEvent: {}
[41.509926] (-) TimerEvent: {}
[41.610176] (-) TimerEvent: {}
[41.710443] (-) TimerEvent: {}
[41.810705] (-) TimerEvent: {}
[41.910957] (-) TimerEvent: {}
[42.011210] (-) TimerEvent: {}
[42.111467] (-) TimerEvent: {}
[42.211701] (-) TimerEvent: {}
[42.311955] (-) TimerEvent: {}
[42.412180] (-) TimerEvent: {}
[42.512411] (-) TimerEvent: {}
[42.612645] (-) TimerEvent: {}
[42.712887] (-) TimerEvent: {}
[42.813135] (-) TimerEvent: {}
[42.913407] (-) TimerEvent: {}
[43.013642] (-) TimerEvent: {}
[43.113890] (-) TimerEvent: {}
[43.214110] (-) TimerEvent: {}
[43.314361] (-) TimerEvent: {}
[43.414607] (-) TimerEvent: {}
[43.514910] (-) TimerEvent: {}
[43.615239] (-) TimerEvent: {}
[43.715483] (-) TimerEvent: {}
[43.815751] (-) TimerEvent: {}
[43.916016] (-) TimerEvent: {}
[44.016260] (-) TimerEvent: {}
[44.116515] (-) TimerEvent: {}
[44.216780] (-) TimerEvent: {}
[44.317073] (-) TimerEvent: {}
[44.417333] (-) TimerEvent: {}
[44.517577] (-) TimerEvent: {}
[44.617840] (-) TimerEvent: {}
[44.718145] (-) TimerEvent: {}
[44.818463] (-) TimerEvent: {}
[44.918876] (-) TimerEvent: {}
[45.019400] (-) TimerEvent: {}
[45.119643] (-) TimerEvent: {}
[45.219917] (-) TimerEvent: {}
[45.320224] (-) TimerEvent: {}
[45.420487] (-) TimerEvent: {}
[45.520758] (-) TimerEvent: {}
[45.621008] (-) TimerEvent: {}
[45.721271] (-) TimerEvent: {}
[45.821550] (-) TimerEvent: {}
[45.921839] (-) TimerEvent: {}
[46.022096] (-) TimerEvent: {}
[46.122363] (-) TimerEvent: {}
[46.222642] (-) TimerEvent: {}
[46.322914] (-) TimerEvent: {}
[46.423204] (-) TimerEvent: {}
[46.523479] (-) TimerEvent: {}
[46.623730] (-) TimerEvent: {}
[46.659199] (jeffrey_controllers) StdoutLine: {'line': b'[100%] \x1b[32m\x1b[1mLinking CXX executable impedance_controller\x1b[0m\n'}
[46.661710] (jeffrey_controllers) StdoutLine: {'line': b'[100%] \x1b[32m\x1b[1mLinking CXX executable trajectory_generator\x1b[0m\n'}
[46.723850] (-) TimerEvent: {}
[46.824131] (-) TimerEvent: {}
[46.924426] (-) TimerEvent: {}
[47.024744] (-) TimerEvent: {}
[47.125051] (-) TimerEvent: {}
[47.225403] (-) TimerEvent: {}
[47.325752] (-) TimerEvent: {}
[47.426059] (-) TimerEvent: {}
[47.526410] (-) TimerEvent: {}
[47.626748] (-) TimerEvent: {}
[47.727082] (-) TimerEvent: {}
[47.827434] (-) TimerEvent: {}
[47.927680] (-) TimerEvent: {}
[48.027984] (-) TimerEvent: {}
[48.128274] (-) TimerEvent: {}
[48.228556] (-) TimerEvent: {}
[48.328814] (-) TimerEvent: {}
[48.429064] (-) TimerEvent: {}
[48.529338] (-) TimerEvent: {}
[48.606195] (jeffrey_controllers) StdoutLine: {'line': b'[100%] Built target trajectory_generator\n'}
[48.629434] (-) TimerEvent: {}
[48.729645] (-) TimerEvent: {}
[48.825488] (jeffrey_controllers) StdoutLine: {'line': b'[100%] Built target impedance_controller\n'}
[48.829723] (-) TimerEvent: {}
[48.839358] (jeffrey_controllers) CommandEnded: {'returncode': 0}
[48.840370] (jeffrey_controllers) JobProgress: {'identifier': 'jeffrey_controllers', 'progress': 'install'}
[48.851540] (jeffrey_controllers) Command: {'cmd': ['/usr/bin/cmake', '--install', '/home/ros2_ws/src/jeffrey_controllers/build/jeffrey_controllers'], 'cwd': '/home/ros2_ws/src/jeffrey_controllers/build/jeffrey_controllers', 'env': OrderedDict({'PYTHON_BASIC_REPL': '1', 'GZ_SIM_RESOURCE_PATH': '/home/ros2_ws/install/lbr_description/share', 'GZ_CONFIG_PATH': '/opt/ros/jazzy/opt/gz_sim_vendor/share/gz:/opt/ros/jazzy/opt/sdformat_vendor/share/gz:/opt/ros/jazzy/opt/gz_gui_vendor/share/gz:/opt/ros/jazzy/opt/gz_transport_vendor/share/gz:/opt/ros/jazzy/opt/gz_rendering_vendor/share/gz:/opt/ros/jazzy/opt/gz_plugin_vendor/share/gz:/opt/ros/jazzy/opt/gz_fuel_tools_vendor/share/gz:/opt/ros/jazzy/opt/gz_msgs_vendor/share/gz:/opt/ros/jazzy/opt/gz_common_vendor/share/gz', 'HOSTNAME': 'jeffrey-Legion-Pro-5-16ARX8', 'GIT_ASKPASS': '/root/.vscode-server/bin/cfbea10c5ffb233ea9177d34726e6056e89913dc/extensions/git/dist/askpass.sh', 'SHLVL': '2', 'LD_LIBRARY_PATH': '/opt/openrobots/lib:/opt/openrobots/lib:/home/ros2_ws/install/lbr_ros2_control/lib:/home/ros2_ws/install/lbr_demos_advanced_cpp/lib:/home/ros2_ws/install/lbr_fri_ros2/lib:/home/ros2_ws/install/lbr_fri_idl/lib:/home/ros2_ws/install/fri_client_sdk/lib:/opt/ros/jazzy/opt/gz_sim_vendor/lib:/opt/ros/jazzy/opt/gz_sensors_vendor/lib:/opt/ros/jazzy/opt/gz_physics_vendor/lib:/opt/ros/jazzy/opt/sdformat_vendor/lib:/opt/ros/jazzy/opt/rviz_ogre_vendor/lib:/opt/ros/jazzy/lib/x86_64-linux-gnu:/opt/ros/jazzy/opt/gz_gui_vendor/lib:/opt/ros/jazzy/opt/gz_transport_vendor/lib:/opt/ros/jazzy/opt/gz_rendering_vendor/lib:/opt/ros/jazzy/opt/gz_plugin_vendor/lib:/opt/ros/jazzy/opt/gz_fuel_tools_vendor/lib:/opt/ros/jazzy/opt/gz_msgs_vendor/lib:/opt/ros/jazzy/opt/gz_common_vendor/lib:/opt/ros/jazzy/opt/gz_math_vendor/lib:/opt/ros/jazzy/opt/gz_utils_vendor/lib:/opt/ros/jazzy/opt/gz_tools_vendor/lib:/opt/ros/jazzy/opt/gz_ogre_next_vendor/lib:/opt/ros/jazzy/opt/gz_dartsim_vendor/lib:/opt/ros/jazzy/opt/gz_cmake_vendor/lib:/opt/ros/jazzy/lib', 'BROWSER': '/root/.vscode-server/bin/cfbea10c5ffb233ea9177d34726e6056e89913dc/bin/helpers/browser.sh', 'HOME': '/root', 'OLDPWD': '/home/ros2_ws', 'TERM_PROGRAM_VERSION': '1.113.0', 'VSCODE_IPC_HOOK_CLI': '/tmp/vscode-ipc-801286fa-daa3-4435-b8c8-a66b1f74c3c7.sock', 'ROS_PYTHON_VERSION': '3', 'VSCODE_GIT_ASKPASS_MAIN': '/root/.vscode-server/bin/cfbea10c5ffb233ea9177d34726e6056e89913dc/extensions/git/dist/askpass-main.js', 'VSCODE_GIT_ASKPASS_NODE': '/root/.vscode-server/bin/cfbea10c5ffb233ea9177d34726e6056e89913dc/node', 'PYDEVD_DISABLE_FILE_VALIDATION': '1', 'BUNDLED_DEBUGPY_PATH': '/root/.vscode-server/extensions/ms-python.debugpy-2025.18.0-linux-x64/bundled/libs/debugpy', 'VSCODE_PYTHON_AUTOACTIVATE_GUARD': '1', 'COLORTERM': 'truecolor', 'REMOTE_CONTAINERS': 'true', 'COLCON_PREFIX_PATH': '/home/ros2_ws/install', 'ROS_DISTRO': 'jazzy', 'REMOTE_CONTAINERS_IPC': '/tmp/vscode-remote-containers-ipc-00ab053a-2b02-4741-88e2-b7df74c81642.sock', '_': '/usr/bin/colcon', 'ROS_VERSION': '2', 'PKG_CONFIG_PATH': '/opt/openrobots/lib/pkgconfig:/opt/openrobots/lib/pkgconfig:/home/ros2_ws/install/fri_client_sdk/lib/x86_64-linux-gnu/pkgconfig:/home/ros2_ws/install/fri_client_sdk/lib/pkgconfig', 'TERM': 'xterm-256color', 'QT_X11_NO_MITSHM': '1', 'PATH': '/opt/openrobots/bin:/root/.vscode-server/data/User/globalStorage/github.copilot-chat/debugCommand:/root/.vscode-server/data/User/globalStorage/github.copilot-chat/copilotCli:/root/.vscode-server/bin/cfbea10c5ffb233ea9177d34726e6056e89913dc/bin/remote-cli:/opt/openrobots/bin:/opt/ros/jazzy/opt/gz_msgs_vendor/bin:/opt/ros/jazzy/opt/gz_tools_vendor/bin:/opt/ros/jazzy/opt/gz_ogre_next_vendor/bin:/opt/ros/jazzy/bin:/usr/local/sbin:/usr/local/bin:/usr/sbin:/usr/bin:/sbin:/bin:/root/.vscode-server/extensions/ms-python.debugpy-2025.18.0-linux-x64/bundled/scripts/noConfigScripts', 'REMOTE_CONTAINERS_SOCKETS': '["/tmp/vscode-ssh-auth-00ab053a-2b02-4741-88e2-b7df74c81642.sock","/root/.gnupg/S.gpg-agent"]', 'DISPLAY': ':1', 'VSCODE_DEBUGPY_ADAPTER_ENDPOINTS': '/root/.vscode-server/extensions/ms-python.debugpy-2025.18.0-linux-x64/.noConfigDebugAdapterEndpoints/endpoint-540dd66cfd704b7e.txt', 'LANG': 'C.UTF-8', 'PYTHONSTARTUP': '/root/.vscode-server/data/User/workspaceStorage/08e929c9afb8b61e8a3fe6329830dd17/ms-python.python/pythonrc.py', 'LS_COLORS': 'rs=0:di=01;34:ln=01;36:mh=00:pi=40;33:so=01;35:do=01;35:bd=40;33;01:cd=40;33;01:or=40;31;01:mi=00:su=37;41:sg=30;43:ca=00:tw=30;42:ow=34;42:st=37;44:ex=01;32:*.tar=01;31:*.tgz=01;31:*.arc=01;31:*.arj=01;31:*.taz=01;31:*.lha=01;31:*.lz4=01;31:*.lzh=01;31:*.lzma=01;31:*.tlz=01;31:*.txz=01;31:*.tzo=01;31:*.t7z=01;31:*.zip=01;31:*.z=01;31:*.dz=01;31:*.gz=01;31:*.lrz=01;31:*.lz=01;31:*.lzo=01;31:*.xz=01;31:*.zst=01;31:*.tzst=01;31:*.bz2=01;31:*.bz=01;31:*.tbz=01;31:*.tbz2=01;31:*.tz=01;31:*.deb=01;31:*.rpm=01;31:*.jar=01;31:*.war=01;31:*.ear=01;31:*.sar=01;31:*.rar=01;31:*.alz=01;31:*.ace=01;31:*.zoo=01;31:*.cpio=01;31:*.7z=01;31:*.rz=01;31:*.cab=01;31:*.wim=01;31:*.swm=01;31:*.dwm=01;31:*.esd=01;31:*.avif=01;35:*.jpg=01;35:*.jpeg=01;35:*.mjpg=01;35:*.mjpeg=01;35:*.gif=01;35:*.bmp=01;35:*.pbm=01;35:*.pgm=01;35:*.ppm=01;35:*.tga=01;35:*.xbm=01;35:*.xpm=01;35:*.tif=01;35:*.tiff=01;35:*.png=01;35:*.svg=01;35:*.svgz=01;35:*.mng=01;35:*.pcx=01;35:*.mov=01;35:*.mpg=01;35:*.mpeg=01;35:*.m2v=01;35:*.mkv=01;35:*.webm=01;35:*.webp=01;35:*.ogm=01;35:*.mp4=01;35:*.m4v=01;35:*.mp4v=01;35:*.vob=01;35:*.qt=01;35:*.nuv=01;35:*.wmv=01;35:*.asf=01;35:*.rm=01;35:*.rmvb=01;35:*.flc=01;35:*.avi=01;35:*.fli=01;35:*.flv=01;35:*.gl=01;35:*.dl=01;35:*.xcf=01;35:*.xwd=01;35:*.yuv=01;35:*.cgm=01;35:*.emf=01;35:*.ogv=01;35:*.ogx=01;35:*.aac=00;36:*.au=00;36:*.flac=00;36:*.m4a=00;36:*.mid=00;36:*.midi=00;36:*.mka=00;36:*.mp3=00;36:*.mpc=00;36:*.ogg=00;36:*.ra=00;36:*.wav=00;36:*.oga=00;36:*.opus=00;36:*.spx=00;36:*.xspf=00;36:*~=00;90:*#=00;90:*.bak=00;90:*.crdownload=00;90:*.dpkg-dist=00;90:*.dpkg-new=00;90:*.dpkg-old=00;90:*.dpkg-tmp=00;90:*.old=00;90:*.orig=00;90:*.part=00;90:*.rej=00;90:*.rpmnew=00;90:*.rpmorig=00;90:*.rpmsave=00;90:*.swp=00;90:*.tmp=00;90:*.ucf-dist=00;90:*.ucf-new=00;90:*.ucf-old=00;90:', 'VSCODE_GIT_IPC_HANDLE': '/tmp/vscode-git-c6f5d7cd37.sock', 'TERM_PROGRAM': 'vscode', 'SSH_AUTH_SOCK': '/tmp/vscode-ssh-auth-00ab053a-2b02-4741-88e2-b7df74c81642.sock', 'AMENT_PREFIX_PATH': '/home/ros2_ws/install/med7_moveit_config:/home/ros2_ws/install/med14_moveit_config:/home/ros2_ws/install/lbr_fri_ros2_stack:/home/ros2_ws/install/lbr_demos_py:/home/ros2_ws/install/lbr_demos_cpp:/home/ros2_ws/install/lbr_controllers:/home/ros2_ws/install/lbr_bringup:/home/ros2_ws/install/lbr_ros2_control:/home/ros2_ws/install/lbr_moveit_cpp:/home/ros2_ws/install/lbr_moveit:/home/ros2_ws/install/lbr_demos_advanced_py:/home/ros2_ws/install/lbr_demos_advanced_cpp:/home/ros2_ws/install/lbr_fri_ros2:/home/ros2_ws/install/jeffrey_controllers:/home/ros2_ws/install/lbr_fri_idl:/home/ros2_ws/install/iiwa7_moveit_config:/home/ros2_ws/install/iiwa14_moveit_config:/home/ros2_ws/install/lbr_description:/opt/ros/jazzy', 'SHELL': '/bin/bash', 'ROS_AUTOMATIC_DISCOVERY_RANGE': 'SUBNET', 'VSCODE_GIT_ASKPASS_EXTRA_ARGS': '', 'PWD': '/home/ros2_ws/src/jeffrey_controllers/build/jeffrey_controllers', 'LC_ALL': 'C.UTF-8', 'PYTHONPATH': '/opt/openrobots/lib/python3.10/site-packages:/opt/openrobots/lib/python3.10/site-packages:/home/ros2_ws/install/lbr_demos_py/lib/python3.12/site-packages:/home/ros2_ws/install/lbr_controllers/lib/python3.12/site-packages:/home/ros2_ws/install/lbr_bringup/lib/python3.12/site-packages:/home/ros2_ws/install/lbr_moveit/lib/python3.12/site-packages:/home/ros2_ws/install/lbr_demos_advanced_py/lib/python3.12/site-packages:/home/ros2_ws/install/lbr_fri_idl/lib/python3.12/site-packages:/opt/ros/jazzy/lib/python3.12/site-packages', 'COLCON': '1', 'CMAKE_PREFIX_PATH': '/opt/openrobots:/opt/openrobots:/home/ros2_ws/install/med7_moveit_config:/home/ros2_ws/install/med14_moveit_config:/home/ros2_ws/install/lbr_fri_ros2_stack:/home/ros2_ws/install/lbr_demos_cpp:/home/ros2_ws/install/lbr_bringup:/home/ros2_ws/install/lbr_ros2_control:/home/ros2_ws/install/lbr_moveit_cpp:/home/ros2_ws/install/lbr_demos_advanced_cpp:/home/ros2_ws/install/lbr_fri_ros2:/home/ros2_ws/install/jeffrey_controllers:/home/ros2_ws/install/lbr_fri_idl:/home/ros2_ws/install/iiwa7_moveit_config:/home/ros2_ws/install/iiwa14_moveit_config:/home/ros2_ws/install/lbr_description:/home/ros2_ws/install/fri_client_sdk:/opt/ros/jazzy/opt/gz_sim_vendor:/opt/ros/jazzy/opt/gz_sensors_vendor:/opt/ros/jazzy/opt/gz_physics_vendor:/opt/ros/jazzy/opt/sdformat_vendor:/opt/ros/jazzy/opt/gz_gui_vendor:/opt/ros/jazzy/opt/gz_transport_vendor:/opt/ros/jazzy/opt/gz_rendering_vendor:/opt/ros/jazzy/opt/gz_plugin_vendor:/opt/ros/jazzy/opt/gz_fuel_tools_vendor:/opt/ros/jazzy/opt/gz_msgs_vendor:/opt/ros/jazzy/opt/gz_common_vendor:/opt/ros/jazzy/opt/gz_math_vendor:/opt/ros/jazzy/opt/gz_utils_vendor:/opt/ros/jazzy/opt/gz_tools_vendor:/opt/ros/jazzy/opt/gz_ogre_next_vendor:/opt/ros/jazzy/opt/gz_dartsim_vendor:/opt/ros/jazzy/opt/gz_cmake_vendor:/home/ros2_ws/install/lbr_demos_py:/home/ros2_ws/install/lbr_controllers:/home/ros2_ws/install/lbr_moveit:/home/ros2_ws/install/lbr_demos_advanced_py:/opt/ros/jazzy'}), 'shell': False}
[48.860576] (jeffrey_controllers) StdoutLine: {'line': b'-- Install configuration: ""\n'}
[48.860811] (jeffrey_controllers) StdoutLine: {'line': b'-- Installing: /home/ros2_ws/src/jeffrey_controllers/install/jeffrey_controllers/lib/jeffrey_controllers/impedance_controller\n'}
[48.901004] (jeffrey_controllers) StdoutLine: {'line': b'-- Set non-toolchain portion of runtime path of "/home/ros2_ws/src/jeffrey_controllers/install/jeffrey_controllers/lib/jeffrey_controllers/impedance_controller" to ""\n'}
[48.901163] (jeffrey_controllers) StdoutLine: {'line': b'-- Installing: /home/ros2_ws/src/jeffrey_controllers/install/jeffrey_controllers/lib/jeffrey_controllers/trajectory_generator\n'}
[48.929816] (-) TimerEvent: {}
[48.940891] (jeffrey_controllers) StdoutLine: {'line': b'-- Set non-toolchain portion of runtime path of "/home/ros2_ws/src/jeffrey_controllers/install/jeffrey_controllers/lib/jeffrey_controllers/trajectory_generator" to ""\n'}
[48.941008] (jeffrey_controllers) StdoutLine: {'line': b'-- Installing: /home/ros2_ws/src/jeffrey_controllers/install/jeffrey_controllers/share/ament_index/resource_index/package_run_dependencies/jeffrey_controllers\n'}
[48.941078] (jeffrey_controllers) StdoutLine: {'line': b'-- Installing: /home/ros2_ws/src/jeffrey_controllers/install/jeffrey_controllers/share/ament_index/resource_index/parent_prefix_path/jeffrey_controllers\n'}
[48.941782] (jeffrey_controllers) StdoutLine: {'line': b'-- Installing: /home/ros2_ws/src/jeffrey_controllers/install/jeffrey_controllers/share/jeffrey_controllers/environment/ament_prefix_path.sh\n'}
[48.942872] (jeffrey_controllers) StdoutLine: {'line': b'-- Installing: /home/ros2_ws/src/jeffrey_controllers/install/jeffrey_controllers/share/jeffrey_controllers/environment/ament_prefix_path.dsv\n'}
[48.942953] (jeffrey_controllers) StdoutLine: {'line': b'-- Installing: /home/ros2_ws/src/jeffrey_controllers/install/jeffrey_controllers/share/jeffrey_controllers/environment/path.sh\n'}
[48.943042] (jeffrey_controllers) StdoutLine: {'line': b'-- Installing: /home/ros2_ws/src/jeffrey_controllers/install/jeffrey_controllers/share/jeffrey_controllers/environment/path.dsv\n'}
[48.943127] (jeffrey_controllers) StdoutLine: {'line': b'-- Installing: /home/ros2_ws/src/jeffrey_controllers/install/jeffrey_controllers/share/jeffrey_controllers/local_setup.bash\n'}
[48.943289] (jeffrey_controllers) StdoutLine: {'line': b'-- Installing: /home/ros2_ws/src/jeffrey_controllers/install/jeffrey_controllers/share/jeffrey_controllers/local_setup.sh\n'}
[48.943491] (jeffrey_controllers) StdoutLine: {'line': b'-- Installing: /home/ros2_ws/src/jeffrey_controllers/install/jeffrey_controllers/share/jeffrey_controllers/local_setup.zsh\n'}
[48.943689] (jeffrey_controllers) StdoutLine: {'line': b'-- Installing: /home/ros2_ws/src/jeffrey_controllers/install/jeffrey_controllers/share/jeffrey_controllers/local_setup.dsv\n'}
[48.943876] (jeffrey_controllers) StdoutLine: {'line': b'-- Installing: /home/ros2_ws/src/jeffrey_controllers/install/jeffrey_controllers/share/jeffrey_controllers/package.dsv\n'}
[48.944114] (jeffrey_controllers) StdoutLine: {'line': b'-- Installing: /home/ros2_ws/src/jeffrey_controllers/install/jeffrey_controllers/share/ament_index/resource_index/packages/jeffrey_controllers\n'}
[48.944269] (jeffrey_controllers) StdoutLine: {'line': b'-- Installing: /home/ros2_ws/src/jeffrey_controllers/install/jeffrey_controllers/share/jeffrey_controllers/cmake/jeffrey_controllersConfig.cmake\n'}
[48.944440] (jeffrey_controllers) StdoutLine: {'line': b'-- Installing: /home/ros2_ws/src/jeffrey_controllers/install/jeffrey_controllers/share/jeffrey_controllers/cmake/jeffrey_controllersConfig-version.cmake\n'}
[48.944876] (jeffrey_controllers) StdoutLine: {'line': b'-- Installing: /home/ros2_ws/src/jeffrey_controllers/install/jeffrey_controllers/share/jeffrey_controllers/package.xml\n'}
[48.946795] (jeffrey_controllers) CommandEnded: {'returncode': 0}
[48.962621] (jeffrey_controllers) JobEnded: {'identifier': 'jeffrey_controllers', 'rc': 0}
[48.963390] (-) EventReactorShutdown: {}
